id,height,width,all_diff,total_act,adult_males_dots,subadult_males_dots,adult_females_dots,juveniles_dots,pups_dots,                 adult_males_act,subadult_males_act,adult_females_act,juveniles_act,pups_act
0,3744,5616,0,946,62,12,486,42,344,62,12,486,42,344
1,3744,5616,0,34,2,20,0,12,0,2,20,0,12,0
2,3328,4992,2,58,2,0,38,20,0,2,0,37,19,0
4,3744,5616,0,17,6,9,2,0,0,6,9,2,0,0
5,3328,4992,0,47,6,4,14,4,19,6,4,14,4,19
6,3328,4992,0,45,2,5,20,18,0,2,5,20,18,0
8,3328,4992,0,145,9,5,76,4,51,9,5,76,4,51
10,3328,4992,0,21,5,4,7,5,0,5,4,7,5,0
11,3744,5616,2,57,3,7,36,13,0,3,5,36,13,0
12,3744,5616,0,38,8,9,13,1,7,8,9,13,1,7
13,3328,4992,1,39,2,5,20,13,0,1,5,20,13,0
14,3744,5616,0,29,1,1,0,27,0,1,1,0,27,0
15,3328,4992,7,94,2,3,35,61,0,2,3,33,56,0
16,3328,4992,0,69,1,1,32,35,0,1,1,32,35,0
17,3328,4992,0,86,4,4,60,18,0,4,4,60,18,0
18,3744,5616,1,5,2,4,0,0,0,2,3,0,0,0
19,3328,4992,0,69,7,3,34,24,1,7,3,34,24,1
20,3328,4992,0,64,7,21,31,4,1,7,21,31,4,1
22,3328,4992,0,7,1,1,0,5,0,1,1,0,5,0
23,3328,4992,0,8,1,0,1,6,0,1,0,1,6,0
24,3744,5616,0,6,4,2,0,0,0,4,2,0,0,0
25,3744,5616,0,3,1,2,0,0,0,1,2,0,0,0
26,3744,5616,0,12,0,8,0,4,0,0,8,0,4,0
27,3744,5616,0,13,1,4,0,8,0,1,4,0,8,0
28,3328,4992,0,2,2,0,0,0,0,2,0,0,0,0
29,3328,4992,0,67,4,4,44,15,0,4,4,44,15,0
31,3744,5616,0,102,3,2,20,76,1,3,2,20,76,1
32,3328,4992,0,312,18,6,159,18,111,18,6,159,18,111
33,3744,5616,0,27,0,1,18,8,0,0,1,18,8,0
35,3328,4992,0,5,4,1,0,0,0,4,1,0,0,0
36,3744,5616,3,25,9,19,0,0,0,8,17,0,0,0
37,3328,4992,0,8,1,2,5,0,0,1,2,5,0,0
38,3328,4992,5,36,3,0,36,2,0,3,0,33,0,0
39,3328,4992,0,111,10,14,62,10,15,10,14,62,10,15
40,3328,4992,2,73,2,2,63,8,0,2,2,62,7,0
41,3328,4992,0,177,15,0,85,18,59,15,0,85,18,59
42,3328,4992,0,22,7,4,10,1,0,7,4,10,1,0
43,3744,5616,0,606,28,4,338,47,189,28,4,338,47,189
44,3328,4992,0,45,3,2,25,15,0,3,2,25,15,0
45,3328,4992,0,138,4,7,100,27,0,4,7,100,27,0
46,3744,5616,0,5,1,4,0,0,0,1,4,0,0,0
47,3744,5616,2,111,13,16,48,3,33,13,14,48,3,33
48,3328,4992,0,105,5,10,66,24,0,5,10,66,24,0
49,3328,4992,0,19,0,0,4,15,0,0,0,4,15,0
50,3328,4992,0,1,1,0,0,0,0,1,0,0,0,0
51,3328,4992,0,67,9,13,10,35,0,9,13,10,35,0
52,3744,5616,1,48,3,3,20,23,0,2,3,20,23,0
53,3744,5616,0,24,2,1,15,6,0,2,1,15,6,0
54,3328,4992,0,55,2,5,22,26,0,2,5,22,26,0
55,3744,5616,0,141,6,2,59,74,0,6,2,59,74,0
56,3744,5616,0,201,9,3,91,5,93,9,3,91,5,93
57,3328,4992,0,3,2,1,0,0,0,2,1,0,0,0
58,3744,5616,1,413,36,17,143,71,145,37,17,143,71,145
59,3744,5616,1,81,6,4,16,55,1,6,4,16,54,1
60,3744,5616,0,9,5,4,0,0,0,5,4,0,0,0
61,3328,4992,0,1,0,0,1,0,0,0,0,1,0,0
62,3744,5616,1,258,6,2,222,28,1,6,2,221,28,1
63,3744,5616,1,161,7,22,58,15,60,7,22,58,15,59
64,3328,4992,0,16,5,5,6,0,0,5,5,6,0,0
65,3744,5616,0,588,29,8,267,14,270,29,8,267,14,270
66,3744,5616,55,55,0,0,0,0,0,8,5,23,17,2
67,3744,5616,6,71,10,7,30,4,26,9,3,30,4,25
68,3328,4992,0,10,4,3,3,0,0,4,3,3,0,0
69,3744,5616,0,97,4,2,46,31,14,4,2,46,31,14
70,3744,5616,0,671,9,11,15,636,0,9,11,15,636,0
72,3744,5616,0,129,13,3,56,37,20,13,3,56,37,20
73,3328,4992,1,36,3,0,20,6,8,3,0,20,6,7
74,3744,5616,1,6,1,2,0,4,0,1,2,0,3,0
75,3328,4992,0,38,3,1,0,34,0,3,1,0,34,0
76,3328,4992,0,8,5,3,0,0,0,5,3,0,0,0
77,3328,4992,2,286,20,11,136,37,84,19,11,136,37,83
78,3328,4992,0,15,2,2,6,0,5,2,2,6,0,5
79,3744,5616,0,79,11,5,37,0,26,11,5,37,0,26
80,3744,5616,1,30,0,12,0,19,0,0,11,0,19,0
82,3328,4992,0,54,0,0,37,17,0,0,0,37,17,0
83,3328,4992,4,93,5,2,44,44,0,5,2,45,41,0
84,3744,5616,0,14,1,1,0,12,0,1,1,0,12,0
85,3328,4992,0,1,0,1,0,0,0,0,1,0,0,0
86,3328,4992,0,12,2,2,4,2,2,2,2,4,2,2
87,3328,4992,1,66,7,1,43,16,0,7,1,42,16,0
88,3744,5616,0,28,1,2,1,24,0,1,2,1,24,0
90,3328,4992,0,30,1,0,17,12,0,1,0,17,12,0
91,3744,5616,1,403,17,0,229,1,157,17,0,229,1,156
92,3744,5616,0,11,3,5,1,1,1,3,5,1,1,1
93,3744,5616,2,350,24,21,144,99,62,23,21,144,100,62
94,3328,4992,0,25,4,4,17,0,0,4,4,17,0,0
95,3328,4992,0,82,5,0,19,58,0,5,0,19,58,0
96,3328,4992,0,184,9,3,167,5,0,9,3,167,5,0
98,3744,5616,0,6,0,6,0,0,0,0,6,0,0,0
99,3744,5616,2,83,3,1,13,68,0,3,1,11,68,0
100,3328,4992,0,96,12,3,50,4,27,12,3,50,4,27
101,3744,5616,0,151,10,0,85,56,0,10,0,85,56,0
102,3328,4992,0,181,13,0,92,3,73,13,0,92,3,73
103,3328,4992,0,3,3,0,0,0,0,3,0,0,0,0
104,3328,4992,0,87,3,3,38,43,0,3,3,38,43,0
105,3328,4992,5,50,2,0,33,17,3,2,0,32,13,3
106,3744,5616,0,9,0,4,0,5,0,0,4,0,5,0
107,3744,5616,0,24,7,11,3,1,2,7,11,3,1,2
108,3744,5616,1,10,4,4,0,3,0,3,4,0,3,0
109,3328,4992,0,72,4,2,35,4,27,4,2,35,4,27
110,3328,4992,2,210,16,8,95,13,80,16,8,95,13,78
111,3744,5616,0,275,23,9,123,40,80,23,9,123,40,80
112,3744,5616,0,608,11,20,387,190,0,11,20,387,190,0
113,3328,4992,0,22,0,9,10,3,0,0,9,10,3,0
114,3744,5616,0,33,5,7,12,0,9,5,7,12,0,9
115,3744,5616,0,17,0,13,0,4,0,0,13,0,4,0
116,3744,5616,0,13,0,0,4,9,0,0,0,4,9,0
117,3328,4992,0,2,0,1,1,0,0,0,1,1,0,0
118,3744,5616,0,55,1,1,10,43,0,1,1,10,43,0
119,3328,4992,0,46,7,7,19,2,11,7,7,19,2,11
120,3328,4992,0,11,2,0,5,1,3,2,0,5,1,3
121,3744,5616,0,171,6,1,90,7,67,6,1,90,7,67
122,3744,5616,5,104,11,43,40,15,0,11,43,37,13,0
123,3328,4992,0,1,0,0,1,0,0,0,0,1,0,0
124,3744,5616,0,261,19,8,104,84,46,19,8,104,84,46
125,3328,4992,0,80,6,1,36,29,8,6,1,36,29,8
126,3744,5616,1,301,35,14,127,7,117,36,14,127,7,117
127,3744,5616,2,89,1,10,15,65,0,1,9,15,64,0
128,3744,5616,0,129,11,22,53,43,0,11,22,53,43,0
129,3744,5616,7,39,0,3,0,43,0,0,3,0,36,0
130,3744,5616,0,103,13,30,43,17,0,13,30,43,17,0
131,3744,5616,0,116,5,11,25,73,2,5,11,25,73,2
132,3328,4992,0,4,2,2,0,0,0,2,2,0,0,0
133,3328,4992,0,6,1,1,2,2,0,1,1,2,2,0
134,3328,4992,2,25,3,2,15,7,0,3,2,14,6,0
135,3744,5616,0,15,1,0,10,4,0,1,0,10,4,0
136,3744,5616,1,34,1,9,3,22,0,1,9,3,21,0
137,3328,4992,0,9,6,3,0,0,0,6,3,0,0,0
138,3328,4992,0,38,1,0,25,12,0,1,0,25,12,0
139,3744,5616,0,23,2,4,9,0,8,2,4,9,0,8
140,3328,4992,0,3,1,2,0,0,0,1,2,0,0,0
141,3744,5616,0,49,5,28,0,16,0,5,28,0,16,0
142,3328,4992,0,10,1,1,3,5,0,1,1,3,5,0
143,3328,4992,0,1,0,1,0,0,0,0,1,0,0,0
144,3328,4992,0,46,8,0,18,0,20,8,0,18,0,20
145,3328,4992,0,143,4,9,60,70,0,4,9,60,70,0
146,3328,4992,1,57,4,1,25,23,5,4,1,24,23,5
147,3328,4992,0,84,6,4,44,4,26,6,4,44,4,26
148,3744,5616,2,7,0,3,0,6,0,0,2,0,5,0
149,3744,5616,0,9,2,5,0,2,0,2,5,0,2,0
150,3328,4992,0,2,0,2,0,0,0,0,2,0,0,0
152,3744,5616,0,9,5,4,0,0,0,5,4,0,0,0
153,3744,5616,0,39,12,27,0,0,0,12,27,0,0,0
154,3328,4992,0,106,6,13,62,25,0,6,13,62,25,0
155,3744,5616,1,217,23,11,114,5,65,23,11,114,5,64
156,3328,4992,0,14,2,1,11,0,0,2,1,11,0,0
157,3744,5616,0,17,1,1,15,0,0,1,1,15,0,0
158,3328,4992,0,200,20,0,90,3,87,20,0,90,3,87
159,3744,5616,0,6,0,6,0,0,0,0,6,0,0,0
160,3328,4992,0,311,12,5,199,65,30,12,5,199,65,30
161,3328,4992,0,12,2,5,5,0,0,2,5,5,0,0
162,3744,5616,0,100,4,1,58,37,0,4,1,58,37,0
163,3744,5616,0,195,11,8,89,15,72,11,8,89,15,72
164,3744,5616,0,478,32,15,248,14,169,32,15,248,14,169
165,3328,4992,0,14,2,5,4,3,0,2,5,4,3,0
166,3328,4992,0,91,5,5,56,25,0,5,5,56,25,0
167,3328,4992,0,1,1,0,0,0,0,1,0,0,0,0
168,3744,5616,0,116,6,4,5,101,0,6,4,5,101,0
169,3328,4992,0,66,4,2,35,14,11,4,2,35,14,11
170,3328,4992,2,162,10,0,82,4,68,10,0,81,4,67
171,3744,5616,0,63,0,23,3,37,0,0,23,3,37,0
172,3744,5616,0,31,2,0,6,23,0,2,0,6,23,0
173,3328,4992,0,16,4,0,6,6,0,4,0,6,6,0
174,3744,5616,1,67,4,0,35,0,29,4,0,34,0,29
175,3744,5616,2,23,2,1,4,18,0,2,0,4,17,0
176,3328,4992,0,180,17,9,92,6,56,17,9,92,6,56
177,3744,5616,1,19,2,10,0,8,0,2,9,0,8,0
178,3744,5616,3,3,2,0,2,2,0,2,0,1,0,0
179,3744,5616,2,6,2,5,0,1,0,0,5,0,1,0
180,3744,5616,0,15,3,1,7,4,0,3,1,7,4,0
181,3744,5616,2,99,6,6,49,38,2,6,6,48,37,2
182,3328,4992,0,26,1,2,13,10,0,1,2,13,10,0
183,3744,5616,0,72,6,7,31,28,0,6,7,31,28,0
185,3328,4992,0,30,8,1,13,0,8,8,1,13,0,8
186,3744,5616,1,265,3,5,112,146,0,3,4,112,146,0
187,3744,5616,3,1101,56,14,592,8,434,54,14,591,8,434
188,3744,5616,0,33,1,3,10,19,0,1,3,10,19,0
189,3744,5616,0,644,64,40,382,23,135,64,40,382,23,135
190,3744,5616,0,9,1,0,2,6,0,1,0,2,6,0
191,3744,5616,0,6,1,5,0,0,0,1,5,0,0,0
192,3328,4992,0,1,1,0,0,0,0,1,0,0,0,0
193,3744,5616,0,47,2,1,29,15,0,2,1,29,15,0
194,3328,4992,0,1,1,0,0,0,0,1,0,0,0,0
195,3328,4992,0,91,4,0,63,24,0,4,0,63,24,0
196,3328,4992,0,201,12,8,106,11,64,12,8,106,11,64
197,3328,4992,0,157,7,3,79,6,62,7,3,79,6,62
198,3744,5616,0,5,3,2,0,0,0,3,2,0,0,0
199,3328,4992,0,1,1,0,0,0,0,1,0,0,0,0
200,3328,4992,0,102,36,3,56,2,5,36,3,56,2,5
201,3744,5616,0,101,9,2,44,13,33,9,2,44,13,33
202,3744,5616,0,37,3,0,11,23,0,3,0,11,23,0
203,3744,5616,0,120,8,8,43,59,2,8,8,43,59,2
204,3744,5616,0,20,4,8,1,6,1,4,8,1,6,1
205,3744,5616,0,228,14,1,135,10,68,14,1,135,10,68
206,3744,5616,0,26,0,5,1,19,1,0,5,1,19,1
207,3744,5616,7,4,1,1,3,4,0,0,2,0,2,0
208,3328,4992,0,7,4,3,0,0,0,4,3,0,0,0
209,3744,5616,0,14,4,9,0,1,0,4,9,0,1,0
210,3744,5616,0,27,2,9,1,15,0,2,9,1,15,0
211,3328,4992,1,471,19,5,185,20,243,19,4,185,20,243
212,3328,4992,0,26,4,6,16,0,0,4,6,16,0,0
213,3744,5616,0,99,11,12,26,44,6,11,12,26,44,6
214,3744,5616,2,32,6,0,18,5,5,4,0,18,5,5
216,3328,4992,2,66,6,0,29,0,33,5,0,28,0,33
217,3328,4992,0,314,16,4,140,12,142,16,4,140,12,142
218,3744,5616,2,3,0,2,1,1,1,0,2,0,1,0
219,3328,4992,0,94,11,7,37,39,0,11,7,37,39,0
220,3328,4992,0,1,0,1,0,0,0,0,1,0,0,0
221,3744,5616,1,44,5,1,26,9,2,6,1,26,9,2
222,3328,4992,0,2,2,0,0,0,0,2,0,0,0,0
223,3328,4992,0,1,0,0,1,0,0,0,0,1,0,0
224,3744,5616,0,142,12,1,58,3,68,12,1,58,3,68
225,3328,4992,0,29,0,1,22,6,0,0,1,22,6,0
226,3744,5616,0,379,17,8,207,3,144,17,8,207,3,144
227,3744,5616,0,169,5,1,52,111,0,5,1,52,111,0
228,3328,4992,0,109,1,9,61,38,0,1,9,61,38,0
229,3328,4992,0,3,1,1,0,1,0,1,1,0,1,0
230,3744,5616,0,21,0,0,16,5,0,0,0,16,5,0
231,3328,4992,0,20,7,4,7,1,1,7,4,7,1,1
232,3744,5616,0,49,9,2,21,1,16,9,2,21,1,16
233,3328,4992,0,1,1,0,0,0,0,1,0,0,0,0
235,3744,5616,32,514,31,3,278,99,135,0,3,277,99,135
236,3744,5616,0,76,3,0,29,44,0,3,0,29,44,0
237,3328,4992,0,68,0,1,29,38,0,0,1,29,38,0
238,3744,5616,0,18,3,3,8,1,3,3,3,8,1,3
239,3744,5616,0,39,4,10,8,17,0,4,10,8,17,0
240,3744,5616,4,329,25,11,160,23,114,25,8,160,23,113
241,3744,5616,0,158,3,0,101,54,0,3,0,101,54,0
243,3328,4992,0,4,4,0,0,0,0,4,0,0,0,0
244,3744,5616,0,18,1,1,3,13,0,1,1,3,13,0
245,3328,4992,0,120,7,2,74,29,8,7,2,74,29,8
246,3744,5616,0,64,5,3,24,31,1,5,3,24,31,1
247,3328,4992,0,56,3,1,34,18,0,3,1,34,18,0
248,3744,5616,0,102,4,0,64,34,0,4,0,64,34,0
249,3744,5616,0,63,4,8,13,38,0,4,8,13,38,0
250,3328,4992,0,8,2,4,2,0,0,2,4,2,0,0
251,3744,5616,0,37,1,0,5,31,0,1,0,5,31,0
252,3744,5616,4,210,23,4,105,15,67,21,2,105,15,67
253,3328,4992,0,2,2,0,0,0,0,2,0,0,0,0
254,3744,5616,0,25,2,9,7,1,6,2,9,7,1,6
255,3744,5616,0,3,0,3,0,0,0,0,3,0,0,0
256,3744,5616,1,219,15,0,92,54,59,15,0,92,53,59
257,3744,5616,0,97,1,11,23,53,9,1,11,23,53,9
258,3744,5616,1,646,19,11,350,266,1,19,11,350,265,1
259,3328,4992,1,59,3,3,32,20,0,4,3,32,20,0
260,3744,5616,0,63,3,1,8,51,0,3,1,8,51,0
261,3328,4992,0,47,3,4,29,9,2,3,4,29,9,2
262,3328,4992,0,73,3,0,34,31,5,3,0,34,31,5
263,3744,5616,0,126,12,2,57,32,23,12,2,57,32,23
264,3328,4992,0,6,0,0,3,3,0,0,0,3,3,0
265,3744,5616,5,6,1,8,0,2,0,1,5,0,0,0
266,3328,4992,0,78,4,0,39,35,0,4,0,39,35,0
267,3328,4992,0,142,14,8,62,14,44,14,8,62,14,44
269,3328,4992,0,5,3,2,0,0,0,3,2,0,0,0
270,3744,5616,1,52,3,0,21,29,0,3,0,21,28,0
271,3328,4992,1,576,30,7,289,34,217,30,7,288,34,217
272,3744,5616,0,6,0,2,0,4,0,0,2,0,4,0
273,3744,5616,0,570,14,3,296,7,250,14,3,296,7,250
274,3328,4992,0,1,1,0,0,0,0,1,0,0,0,0
275,3328,4992,1,67,0,1,25,40,0,1,1,25,40,0
276,3328,4992,0,46,6,3,37,0,0,6,3,37,0,0
277,3328,4992,1,180,5,6,68,102,0,5,6,68,101,0
278,3744,5616,0,44,5,0,18,19,2,5,0,18,19,2
279,3744,5616,0,13,1,0,8,4,0,1,0,8,4,0
280,3328,4992,0,68,12,5,19,3,29,12,5,19,3,29
281,3328,4992,0,77,3,3,51,20,0,3,3,51,20,0
282,3744,5616,0,6,0,3,3,0,0,0,3,3,0,0
283,3328,4992,0,49,4,7,26,12,0,4,7,26,12,0
284,3328,4992,0,33,2,0,16,15,0,2,0,16,15,0
285,3744,5616,0,2,0,2,0,0,0,0,2,0,0,0
286,3744,5616,0,4,2,2,0,0,0,2,2,0,0,0
287,3328,4992,0,19,10,8,1,0,0,10,8,1,0,0
288,3328,4992,0,32,4,0,12,15,1,4,0,12,15,1
289,3328,4992,0,55,0,2,38,15,0,0,2,38,15,0
291,3744,5616,2,596,39,20,275,23,237,41,20,275,23,237
292,3744,5616,59,103,2,3,23,15,1,5,5,50,42,1
293,3744,5616,2,81,6,4,38,2,33,6,4,38,2,31
294,3744,5616,0,9,1,1,2,5,0,1,1,2,5,0
295,3328,4992,0,128,16,6,51,29,26,16,6,51,29,26
296,3744,5616,0,9,1,6,0,2,0,1,6,0,2,0
297,3744,5616,4,102,3,40,24,39,0,3,36,24,39,0
298,3744,5616,1,405,22,10,172,18,184,22,10,172,18,183
299,3744,5616,1,332,27,10,209,32,55,27,9,209,32,55
300,3328,4992,0,27,6,3,7,11,0,6,3,7,11,0
301,3744,5616,0,116,6,3,67,5,35,6,3,67,5,35
302,3744,5616,0,35,1,0,0,34,0,1,0,0,34,0
303,3744,5616,1,28,1,2,0,24,0,1,2,0,25,0
304,3744,5616,0,87,2,3,0,82,0,2,3,0,82,0
305,3328,4992,0,6,1,2,3,0,0,1,2,3,0,0
306,3744,5616,0,151,14,4,71,45,17,14,4,71,45,17
307,3744,5616,0,48,8,0,17,6,17,8,0,17,6,17
308,3744,5616,0,8,0,2,4,2,0,0,2,4,2,0
309,3328,4992,1,97,5,0,61,23,9,5,0,61,23,8
310,3328,4992,1,136,4,8,95,30,0,4,8,95,29,0
312,3328,4992,1,37,1,1,22,14,0,1,1,21,14,0
313,3328,4992,0,121,5,3,83,30,0,5,3,83,30,0
314,3328,4992,0,3,1,2,0,0,0,1,2,0,0,0
315,3744,5616,0,3,1,2,0,0,0,1,2,0,0,0
316,3328,4992,0,6,5,0,0,1,0,5,0,0,1,0
317,3328,4992,0,53,1,2,34,16,0,1,2,34,16,0
318,3744,5616,0,87,2,9,33,42,1,2,9,33,42,1
319,3744,5616,0,291,17,12,145,68,49,17,12,145,68,49
320,3328,4992,0,297,16,4,227,39,11,16,4,227,39,11
321,3744,5616,0,6,2,3,0,1,0,2,3,0,1,0
322,3328,4992,0,106,8,3,63,22,10,8,3,63,22,10
323,3328,4992,2,4,4,0,1,0,1,2,0,1,0,1
324,3744,5616,0,50,2,3,12,33,0,2,3,12,33,0
325,3744,5616,1,83,0,2,2,80,0,0,2,2,79,0
326,3328,4992,0,153,1,3,69,80,0,1,3,69,80,0
327,3328,4992,0,6,0,2,4,0,0,0,2,4,0,0
328,3328,4992,2,43,5,4,18,5,13,4,4,18,4,13
329,3328,4992,0,148,18,3,72,6,49,18,3,72,6,49
330,3328,4992,2,91,1,0,25,67,0,1,0,25,65,0
332,3744,5616,0,119,10,4,57,27,21,10,4,57,27,21
333,3744,5616,0,89,0,15,0,74,0,0,15,0,74,0
334,3744,5616,0,92,9,14,21,39,9,9,14,21,39,9
335,3744,5616,1,72,6,36,19,12,0,6,36,18,12,0
336,3744,5616,0,134,10,2,77,18,27,10,2,77,18,27
337,3744,5616,0,93,0,3,4,86,0,0,3,4,86,0
338,3744,5616,1,607,36,7,275,41,249,36,7,275,41,248
339,3328,4992,0,9,2,2,5,0,0,2,2,5,0,0
340,3744,5616,0,374,21,4,181,23,145,21,4,181,23,145
341,3744,5616,0,2,0,1,0,1,0,0,1,0,1,0
342,3744,5616,3,40,3,0,24,16,0,3,0,21,16,0
343,3744,5616,0,12,2,1,4,2,3,2,1,4,2,3
345,3328,4992,0,19,1,0,16,2,0,1,0,16,2,0
346,3744,5616,0,93,7,1,46,39,0,7,1,46,39,0
347,3744,5616,0,90,10,55,2,23,0,10,55,2,23,0
348,3744,5616,0,19,0,2,0,17,0,0,2,0,17,0
349,3328,4992,0,85,24,29,21,11,0,24,29,21,11,0
350,3744,5616,0,17,4,13,0,0,0,4,13,0,0,0
351,3328,4992,1,1,2,0,0,0,0,1,0,0,0,0
352,3744,5616,0,3,2,1,0,0,0,2,1,0,0,0
353,3328,4992,0,116,5,4,78,29,0,5,4,78,29,0
354,3328,4992,0,38,2,1,31,4,0,2,1,31,4,0
355,3744,5616,0,5,0,4,0,1,0,0,4,0,1,0
356,3328,4992,0,1,0,0,1,0,0,0,0,1,0,0
357,3328,4992,0,5,4,1,0,0,0,4,1,0,0,0
358,3744,5616,0,41,0,3,0,38,0,0,3,0,38,0
359,3744,5616,4,122,10,4,54,12,46,10,3,51,12,46
360,3744,5616,0,106,2,4,23,77,0,2,4,23,77,0
361,3328,4992,2,264,27,1,146,38,54,26,1,146,37,54
362,3328,4992,3,247,18,1,127,5,99,18,1,127,4,97
363,3744,5616,0,66,1,7,4,53,1,1,7,4,53,1
364,3328,4992,0,75,6,0,24,0,45,6,0,24,0,45
365,3744,5616,2,9,4,7,0,0,0,3,6,0,0,0
366,3744,5616,0,6,1,1,2,2,0,1,1,2,2,0
367,3744,5616,0,177,15,4,99,4,55,15,4,99,4,55
368,3328,4992,2,78,6,0,37,3,34,5,0,36,3,34
369,3744,5616,2,73,8,43,0,24,0,8,41,0,24,0
370,3744,5616,0,79,9,4,43,7,16,9,4,43,7,16
371,3744,5616,0,133,15,2,62,5,49,15,2,62,5,49
372,3744,5616,0,286,29,6,136,33,82,29,6,136,33,82
373,3744,5616,0,147,12,6,69,54,6,12,6,69,54,6
374,3328,4992,0,79,0,0,36,43,0,0,0,36,43,0
375,3328,4992,1,3,4,0,0,0,0,3,0,0,0,0
376,3328,4992,0,33,2,3,24,4,0,2,3,24,4,0
377,3328,4992,0,71,8,5,27,2,29,8,5,27,2,29
378,3328,4992,0,50,5,1,43,1,0,5,1,43,1,0
379,3744,5616,0,84,4,7,23,45,5,4,7,23,45,5
381,3328,4992,0,1,1,0,0,0,0,1,0,0,0,0
382,3744,5616,1,34,1,0,12,22,0,1,0,12,21,0
383,3744,5616,3,209,8,10,70,124,0,8,8,70,123,0
385,3328,4992,0,5,2,2,0,1,0,2,2,0,1,0
386,3744,5616,2,38,4,3,15,8,10,4,1,15,8,10
387,3328,4992,0,2,2,0,0,0,0,2,0,0,0,0
388,3744,5616,1,37,2,0,12,24,0,1,0,12,24,0
389,3328,4992,0,57,0,1,42,14,0,0,1,42,14,0
390,3744,5616,0,18,4,5,4,2,3,4,5,4,2,3
391,3744,5616,0,26,7,3,8,0,8,7,3,8,0,8
392,3328,4992,0,36,2,0,15,19,0,2,0,15,19,0
393,3328,4992,0,69,7,6,33,2,21,7,6,33,2,21
394,3744,5616,4,3,1,6,0,0,0,1,2,0,0,0
395,3328,4992,4,40,2,1,25,16,0,2,0,23,15,0
396,3744,5616,0,14,1,11,0,2,0,1,11,0,2,0
397,3328,4992,0,5,2,1,2,0,0,2,1,2,0,0
398,3744,5616,4,16,0,7,0,11,0,1,4,0,11,0
399,3744,5616,0,119,6,13,30,70,0,6,13,30,70,0
400,3328,4992,0,11,3,1,7,0,0,3,1,7,0,0
401,3744,5616,0,97,8,8,33,32,16,8,8,33,32,16
402,3744,5616,0,388,6,11,300,71,0,6,11,300,71,0
403,3744,5616,0,236,1,17,21,195,2,1,17,21,195,2
404,3328,4992,0,21,2,0,12,1,6,2,0,12,1,6
405,3744,5616,3,14,1,2,4,10,0,1,2,4,7,0
407,3328,4992,0,11,5,2,4,0,0,5,2,4,0,0
408,3744,5616,0,95,9,5,45,2,34,9,5,45,2,34
409,3744,5616,3,24,4,0,15,7,1,4,0,13,6,1
410,3744,5616,1,3,1,3,0,0,0,1,2,0,0,0
411,3744,5616,0,691,17,0,329,345,0,17,0,329,345,0
412,3744,5616,7,177,5,13,105,61,0,5,7,104,61,0
413,3744,5616,0,10,8,2,0,0,0,8,2,0,0,0
414,3744,5616,0,33,3,7,10,13,0,3,7,10,13,0
415,3328,4992,0,26,4,0,20,2,0,4,0,20,2,0
416,3744,5616,2,382,2,34,7,341,0,2,34,7,339,0
417,3328,4992,0,12,6,2,4,0,0,6,2,4,0,0
418,3744,5616,1,305,11,6,139,150,0,10,6,139,150,0
419,3328,4992,0,4,3,1,0,0,0,3,1,0,0,0
420,3744,5616,0,47,8,6,13,4,16,8,6,13,4,16
422,3328,4992,0,212,10,0,93,19,90,10,0,93,19,90
423,3744,5616,0,8,0,4,0,4,0,0,4,0,4,0
424,3328,4992,0,53,1,0,34,18,0,1,0,34,18,0
425,3744,5616,0,31,0,1,14,16,0,0,1,14,16,0
426,3744,5616,16,66,2,5,6,32,5,2,6,11,42,5
427,3744,5616,0,36,1,3,4,28,0,1,3,4,28,0
428,3328,4992,0,3,1,0,1,1,0,1,0,1,1,0
429,3744,5616,0,65,3,18,19,25,0,3,18,19,25,0
430,3328,4992,0,21,4,0,10,6,1,4,0,10,6,1
431,3744,5616,2,13,0,2,5,8,0,0,1,5,7,0
432,3328,4992,0,58,4,8,23,23,0,4,8,23,23,0
433,3744,5616,2,51,0,3,5,41,0,0,3,5,43,0
434,3744,5616,0,132,7,3,21,101,0,7,3,21,101,0
435,3744,5616,0,24,0,4,1,19,0,0,4,1,19,0
436,3328,4992,0,3,2,1,0,0,0,2,1,0,0,0
437,3328,4992,6,442,36,1,215,4,192,30,1,215,4,192
438,3744,5616,0,313,15,6,169,0,123,15,6,169,0,123
439,3328,4992,0,42,2,3,21,16,0,2,3,21,16,0
440,3744,5616,0,26,2,13,4,7,0,2,13,4,7,0
441,3744,5616,1,24,1,0,8,16,0,1,0,8,15,0
442,3744,5616,0,31,1,2,5,23,0,1,2,5,23,0
443,3328,4992,0,52,4,1,12,35,0,4,1,12,35,0
444,3744,5616,0,5,1,4,0,0,0,1,4,0,0,0
445,3744,5616,0,28,1,0,11,16,0,1,0,11,16,0
446,3328,4992,0,123,9,1,62,19,32,9,1,62,19,32
447,3744,5616,0,6,0,4,0,2,0,0,4,0,2,0
448,3744,5616,1,7,1,1,2,1,1,2,1,2,1,1
449,3744,5616,0,7,1,6,0,0,0,1,6,0,0,0
450,3328,4992,0,1,1,0,0,0,0,1,0,0,0,0
451,3744,5616,0,78,2,3,44,29,0,2,3,44,29,0
452,3744,5616,1,359,35,7,207,9,100,36,7,207,9,100
453,3744,5616,0,32,2,1,9,20,0,2,1,9,20,0
454,3744,5616,0,65,2,5,22,35,1,2,5,22,35,1
455,3328,4992,0,71,3,0,49,17,2,3,0,49,17,2
456,3328,4992,0,11,3,3,5,0,0,3,3,5,0,0
457,3744,5616,0,21,2,1,5,13,0,2,1,5,13,0
458,3744,5616,0,23,1,9,7,6,0,1,9,7,6,0
459,3328,4992,0,113,15,7,58,3,30,15,7,58,3,30
460,3328,4992,1,44,1,1,22,21,0,1,1,22,20,0
461,3744,5616,0,60,1,2,17,40,0,1,2,17,40,0
462,3744,5616,2,143,15,6,59,6,59,14,6,59,6,58
463,3328,4992,0,77,6,0,57,7,7,6,0,57,7,7
464,3744,5616,0,17,0,1,0,16,0,0,1,0,16,0
465,3744,5616,1,277,10,2,94,172,0,10,2,94,171,0
466,3328,4992,0,23,3,1,9,3,7,3,1,9,3,7
467,3744,5616,2,5,1,4,0,2,0,1,4,0,0,0
468,3328,4992,0,71,8,14,39,10,0,8,14,39,10,0
470,3328,4992,0,2,0,0,1,1,0,0,0,1,1,0
471,3328,4992,0,17,4,2,7,4,0,4,2,7,4,0
472,3328,4992,0,70,6,4,45,15,0,6,4,45,15,0
473,3328,4992,3,81,2,0,19,57,0,2,0,19,60,0
474,3744,5616,0,36,1,2,7,26,0,1,2,7,26,0
476,3328,4992,5,89,9,0,46,39,0,9,0,42,38,0
477,3744,5616,0,94,9,5,50,16,14,9,5,50,16,14
478,3744,5616,1,122,8,9,49,13,44,8,9,49,12,44
479,3744,5616,1,9,5,5,0,0,0,5,4,0,0,0
480,3328,4992,0,45,3,2,30,9,1,3,2,30,9,1
481,3744,5616,0,54,3,2,4,45,0,3,2,4,45,0
482,3744,5616,1,91,7,1,44,7,33,7,1,44,6,33
483,3744,5616,2,36,1,3,3,31,0,1,2,3,30,0
484,3744,5616,0,51,6,40,0,5,0,6,40,0,5,0
485,3744,5616,0,96,10,6,45,35,0,10,6,45,35,0
486,3328,4992,0,7,3,2,0,1,1,3,2,0,1,1
487,3744,5616,1,3,3,1,0,0,0,3,0,0,0,0
488,3744,5616,0,240,6,11,145,78,0,6,11,145,78,0
489,3328,4992,0,20,2,0,2,16,0,2,0,2,16,0
491,3328,4992,4,10,0,1,9,4,0,0,0,9,1,0
492,3744,5616,2,33,2,2,9,21,1,2,1,9,20,1
493,3744,5616,0,86,0,21,0,65,0,0,21,0,65,0
494,3744,5616,0,212,24,44,72,19,53,24,44,72,19,53
495,3744,5616,3,44,5,0,20,2,20,2,0,20,2,20
496,3328,4992,0,11,0,2,5,0,4,0,2,5,0,4
497,3328,4992,0,3,1,2,0,0,0,1,2,0,0,0
498,3744,5616,1,20,0,1,1,19,0,0,1,1,18,0
500,3744,5616,4,9,4,5,0,2,0,2,6,0,1,0
501,3744,5616,0,7,2,0,2,3,0,2,0,2,3,0
502,3328,4992,0,100,6,3,59,32,0,6,3,59,32,0
503,3744,5616,0,42,0,5,6,31,0,0,5,6,31,0
504,3744,5616,0,5,2,0,0,3,0,2,0,0,3,0
505,3744,5616,2,50,1,9,0,42,0,1,8,0,41,0
506,3328,4992,0,30,0,0,9,21,0,0,0,9,21,0
508,3328,4992,0,5,0,0,4,1,0,0,0,4,1,0
509,3744,5616,3,225,23,11,87,63,44,23,10,86,63,43
510,3744,5616,3,6,2,1,0,0,0,5,1,0,0,0
511,3744,5616,0,50,3,4,16,27,0,3,4,16,27,0
512,3744,5616,0,5,1,4,0,0,0,1,4,0,0,0
513,3744,5616,0,24,7,0,8,2,7,7,0,8,2,7
514,3744,5616,0,378,6,3,260,109,0,6,3,260,109,0
515,3744,5616,0,11,0,8,2,1,0,0,8,2,1,0
516,3744,5616,8,183,17,6,93,14,61,13,3,92,14,61
517,3328,4992,0,7,2,1,4,0,0,2,1,4,0,0
518,3328,4992,1,100,4,7,59,31,0,4,7,59,30,0
519,3328,4992,0,83,6,3,44,17,13,6,3,44,17,13
520,3328,4992,0,29,6,2,21,0,0,6,2,21,0,0
521,3744,5616,0,13,1,0,7,5,0,1,0,7,5,0
522,3744,5616,0,123,5,3,67,43,5,5,3,67,43,5
523,3744,5616,1,114,16,4,64,13,16,17,4,64,13,16
524,3744,5616,3,8,5,4,1,1,0,4,2,1,1,0
525,3744,5616,0,47,3,0,9,35,0,3,0,9,35,0
526,3744,5616,1,67,4,10,20,19,13,5,10,20,19,13
527,3328,4992,0,38,2,0,29,6,1,2,0,29,6,1
528,3328,4992,0,66,8,0,30,4,24,8,0,30,4,24
529,3328,4992,21,34,5,3,16,31,0,5,2,15,12,0
532,3328,4992,0,2,2,0,0,0,0,2,0,0,0,0
533,3328,4992,0,6,2,2,0,2,0,2,2,0,2,0
534,3328,4992,0,1,0,1,0,0,0,0,1,0,0,0
535,3328,4992,0,131,7,0,81,36,7,7,0,81,36,7
536,3328,4992,0,116,15,1,52,4,44,15,1,52,4,44
537,3744,5616,0,15,1,4,2,8,0,1,4,2,8,0
538,3744,5616,3,300,10,3,162,9,115,12,2,162,9,115
539,3744,5616,1,6,2,5,0,0,0,1,5,0,0,0
540,3744,5616,0,95,22,21,40,11,1,22,21,40,11,1
541,3744,5616,0,19,4,1,12,2,0,4,1,12,2,0
542,3328,4992,0,5,3,2,0,0,0,3,2,0,0,0
543,3744,5616,1,11,4,2,0,6,0,3,2,0,6,0
544,3328,4992,1,20,4,5,8,2,0,4,6,8,2,0
545,3744,5616,0,74,3,14,36,21,0,3,14,36,21,0
546,3744,5616,0,67,3,1,16,47,0,3,1,16,47,0
547,3328,4992,0,56,2,2,18,34,0,2,2,18,34,0
548,3328,4992,0,12,3,0,5,4,0,3,0,5,4,0
549,3328,4992,0,36,1,4,31,0,0,1,4,31,0,0
550,3744,5616,0,27,2,0,11,14,0,2,0,11,14,0
551,3744,5616,0,27,1,0,13,13,0,1,0,13,13,0
552,3328,4992,1,103,2,3,52,45,0,2,3,52,46,0
553,3744,5616,1,12,6,3,3,1,0,5,3,3,1,0
554,3744,5616,2,20,2,9,9,1,1,1,8,9,1,1
555,3744,5616,2,54,5,3,20,28,0,3,3,20,28,0
556,3744,5616,0,297,13,17,133,32,102,13,17,133,32,102
557,3744,5616,0,6,0,3,0,3,0,0,3,0,3,0
558,3328,4992,0,164,14,3,87,21,39,14,3,87,21,39
559,3744,5616,0,74,2,2,29,41,0,2,2,29,41,0
560,3744,5616,1,40,1,2,0,38,0,1,2,0,37,0
561,3328,4992,0,78,3,0,33,42,0,3,0,33,42,0
562,3328,4992,0,106,3,4,31,68,0,3,4,31,68,0
563,3328,4992,0,173,6,5,68,6,88,6,5,68,6,88
564,3328,4992,0,1,1,0,0,0,0,1,0,0,0,0
565,3328,4992,0,14,0,0,6,8,0,0,0,6,8,0
566,3744,5616,0,4,2,2,0,0,0,2,2,0,0,0
567,3328,4992,0,105,5,3,66,30,1,5,3,66,30,1
568,3744,5616,2,32,4,0,9,19,2,4,0,9,17,2
569,3744,5616,0,270,19,9,113,24,105,19,9,113,24,105
570,3744,5616,0,5,2,3,0,0,0,2,3,0,0,0
571,3328,4992,3,43,3,0,30,13,0,0,0,30,13,0
572,3328,4992,0,20,0,0,11,9,0,0,0,11,9,0
573,3744,5616,0,7,2,5,0,0,0,2,5,0,0,0
574,3744,5616,3,43,4,4,22,9,7,4,2,21,9,7
575,3328,4992,0,25,2,1,19,3,0,2,1,19,3,0
576,3328,4992,0,63,3,12,24,24,0,3,12,24,24,0
577,3328,4992,1,217,3,1,117,97,0,3,1,116,97,0
578,3744,5616,2,49,6,3,26,0,16,6,3,25,0,15
579,3328,4992,0,57,0,0,24,33,0,0,0,24,33,0
580,3328,4992,0,8,3,5,0,0,0,3,5,0,0,0
581,3328,4992,0,192,21,10,130,15,16,21,10,130,15,16
582,3744,5616,0,5,1,4,0,0,0,1,4,0,0,0
583,3328,4992,0,8,2,2,3,1,0,2,2,3,1,0
584,3744,5616,1,13,7,0,4,0,3,7,0,4,0,2
585,3744,5616,8,23,2,4,5,20,0,2,1,4,16,0
586,3744,5616,0,10,3,0,1,5,1,3,0,1,5,1
587,3744,5616,9,587,31,14,200,77,274,31,13,200,75,268
588,3328,4992,0,60,5,31,13,11,0,5,31,13,11,0
589,3328,4992,0,53,1,1,21,30,0,1,1,21,30,0
590,3744,5616,0,726,47,16,322,41,300,47,16,322,41,300
591,3744,5616,0,329,22,14,134,116,43,22,14,134,116,43
592,3328,4992,0,2,1,1,0,0,0,1,1,0,0,0
593,3328,4992,53,93,1,2,32,5,0,1,2,32,58,0
594,3328,4992,0,2,0,1,1,0,0,0,1,1,0,0
595,3328,4992,3,44,2,0,30,15,0,2,0,28,14,0
596,3744,5616,0,86,5,4,30,47,0,5,4,30,47,0
597,3328,4992,0,1,0,0,1,0,0,0,0,1,0,0
598,3328,4992,6,50,4,5,32,15,0,2,1,32,15,0
599,3744,5616,0,17,3,8,1,5,0,3,8,1,5,0
600,3744,5616,0,47,0,1,19,27,0,0,1,19,27,0
601,3744,5616,0,143,9,4,38,92,0,9,4,38,92,0
602,3744,5616,0,20,3,17,0,0,0,3,17,0,0,0
603,3328,4992,0,6,2,3,1,0,0,2,3,1,0,0
604,3744,5616,2,326,12,5,105,204,2,12,4,105,203,2
606,3744,5616,1,530,16,5,288,11,211,15,5,288,11,211
608,3744,5616,0,38,2,0,12,24,0,2,0,12,24,0
609,3744,5616,0,6,1,5,0,0,0,1,5,0,0,0
610,3328,4992,1,38,5,5,17,12,0,5,5,17,11,0
611,3744,5616,0,48,2,1,32,13,0,2,1,32,13,0
612,3328,4992,0,4,3,0,1,0,0,3,0,1,0,0
613,3328,4992,0,28,4,6,15,2,1,4,6,15,2,1
615,3328,4992,0,60,2,1,35,22,0,2,1,35,22,0
616,3328,4992,0,130,8,18,79,25,0,8,18,79,25,0
617,3744,5616,0,199,14,12,88,47,38,14,12,88,47,38
618,3744,5616,0,151,5,23,98,25,0,5,23,98,25,0
619,3328,4992,1,52,6,2,27,6,12,6,2,27,5,12
620,3328,4992,0,53,5,6,20,1,21,5,6,20,1,21
622,3328,4992,0,79,6,2,32,1,38,6,2,32,1,38
623,3328,4992,0,6,6,0,0,0,0,6,0,0,0,0
624,3744,5616,0,72,7,6,38,1,20,7,6,38,1,20
625,3328,4992,0,322,28,5,149,11,129,28,5,149,11,129
626,3328,4992,0,1,1,0,0,0,0,1,0,0,0,0
627,3328,4992,0,2,1,1,0,0,0,1,1,0,0,0
628,3328,4992,0,34,11,4,18,1,0,11,4,18,1,0
629,3744,5616,6,152,13,12,75,1,57,10,9,75,1,57
630,3328,4992,0,2,2,0,0,0,0,2,0,0,0,0
631,3328,4992,0,4,2,2,0,0,0,2,2,0,0,0
632,3744,5616,1,14,5,3,1,6,0,4,3,1,6,0
633,3328,4992,2,83,5,1,39,15,25,5,1,39,15,23
634,3328,4992,0,1,1,0,0,0,0,1,0,0,0,0
635,3328,4992,0,31,3,1,20,7,0,3,1,20,7,0
636,3328,4992,0,40,2,2,34,2,0,2,2,34,2,0
637,3744,5616,0,166,6,18,85,17,40,6,18,85,17,40
639,3744,5616,1,129,4,12,31,81,2,4,12,31,80,2
640,3328,4992,0,52,8,3,33,8,0,8,3,33,8,0
641,3328,4992,0,175,1,2,70,102,0,1,2,70,102,0
642,3744,5616,0,10,1,9,0,0,0,1,9,0,0,0
643,3744,5616,9,27,1,6,0,29,0,1,5,0,21,0
645,3744,5616,2,206,10,7,73,51,67,10,7,73,50,66
646,3328,4992,0,16,1,1,11,3,0,1,1,11,3,0
647,3328,4992,0,4,1,2,0,1,0,1,2,0,1,0
648,3328,4992,0,102,5,0,56,0,41,5,0,56,0,41
649,3744,5616,0,70,2,0,19,49,0,2,0,19,49,0
650,3744,5616,0,40,2,25,0,13,0,2,25,0,13,0
651,3744,5616,0,45,1,7,11,26,0,1,7,11,26,0
652,3744,5616,0,3,0,3,0,0,0,0,3,0,0,0
653,3328,4992,0,23,2,3,0,18,0,2,3,0,18,0
654,3744,5616,0,12,1,3,0,8,0,1,3,0,8,0
655,3328,4992,1,47,5,3,22,1,17,5,3,21,1,17
656,3744,5616,0,40,4,6,14,7,9,4,6,14,7,9
657,3328,4992,0,1,0,1,0,0,0,0,1,0,0,0
658,3328,4992,2,11,5,8,0,0,0,3,8,0,0,0
659,3328,4992,0,48,1,1,21,25,0,1,1,21,25,0
660,3328,4992,0,6,1,0,1,4,0,1,0,1,4,0
661,3328,4992,0,71,2,3,17,49,0,2,3,17,49,0
662,3744,5616,2,279,10,6,245,20,0,8,6,245,20,0
663,3328,4992,0,25,1,4,9,11,0,1,4,9,11,0
664,3744,5616,0,300,18,15,129,67,71,18,15,129,67,71
665,3744,5616,0,11,0,9,0,2,0,0,9,0,2,0
666,3744,5616,0,22,0,4,4,14,0,0,4,4,14,0
667,3328,4992,0,7,4,1,1,0,1,4,1,1,0,1
668,3744,5616,1,38,0,3,4,32,0,0,3,4,31,0
669,3328,4992,0,25,5,4,16,0,0,5,4,16,0,0
670,3328,4992,0,44,0,4,21,19,0,0,4,21,19,0
671,3744,5616,1,70,1,1,11,58,0,1,1,11,57,0
672,3744,5616,0,40,5,25,0,10,0,5,25,0,10,0
673,3328,4992,0,17,1,0,0,16,0,1,0,0,16,0
674,3744,5616,0,276,20,3,112,23,118,20,3,112,23,118
675,3328,4992,2,13,4,1,5,0,5,4,1,5,0,3
676,3744,5616,1,96,16,10,43,6,22,16,10,43,6,21
677,3744,5616,0,25,7,6,6,4,2,7,6,6,4,2
678,3328,4992,0,74,3,7,19,45,0,3,7,19,45,0
679,3744,5616,2,209,15,3,94,16,83,15,1,94,16,83
680,3744,5616,0,352,17,5,160,8,162,17,5,160,8,162
681,3328,4992,0,36,2,1,24,9,0,2,1,24,9,0
682,3328,4992,0,18,1,2,6,9,0,1,2,6,9,0
683,3744,5616,0,8,1,2,3,2,0,1,2,3,2,0
684,3744,5616,0,208,17,4,88,45,54,17,4,88,45,54
685,3744,5616,0,18,6,12,0,0,0,6,12,0,0,0
686,3744,5616,2,96,3,36,0,59,0,3,34,0,59,0
688,3744,5616,0,21,0,8,0,13,0,0,8,0,13,0
689,3328,4992,0,2,1,0,1,0,0,1,0,1,0,0
690,3744,5616,0,79,5,5,34,7,28,5,5,34,7,28
691,3328,4992,0,2,1,1,0,0,0,1,1,0,0,0
692,3328,4992,0,60,0,0,15,45,0,0,0,15,45,0
693,3744,5616,0,22,3,10,7,2,0,3,10,7,2,0
694,3328,4992,0,10,3,1,5,1,0,3,1,5,1,0
695,3328,4992,0,5,1,0,2,0,2,1,0,2,0,2
696,3744,5616,0,8,2,4,0,2,0,2,4,0,2,0
697,3328,4992,0,4,1,1,2,0,0,1,1,2,0,0
698,3744,5616,1,15,1,1,0,14,0,1,0,0,14,0
699,3328,4992,2,86,20,13,39,2,14,18,13,39,2,14
700,3328,4992,3,124,9,4,82,9,23,9,4,81,7,23
701,3328,4992,0,290,12,10,91,19,158,12,10,91,19,158
702,3744,5616,0,57,8,4,25,10,10,8,4,25,10,10
703,3328,4992,1,96,7,0,38,52,0,7,0,38,51,0
704,3328,4992,0,330,26,6,168,25,105,26,6,168,25,105
705,3744,5616,0,62,3,0,19,38,2,3,0,19,38,2
706,3744,5616,1,63,2,5,39,18,0,2,4,39,18,0
707,3744,5616,1,33,4,22,1,7,0,4,21,1,7,0
708,3744,5616,0,13,3,7,0,3,0,3,7,0,3,0
709,3744,5616,0,72,1,2,19,50,0,1,2,19,50,0
710,3744,5616,1,9,7,3,0,0,0,6,3,0,0,0
711,3744,5616,0,19,4,7,5,3,0,4,7,5,3,0
713,3328,4992,0,20,2,3,10,5,0,2,3,10,5,0
714,3744,5616,0,128,13,2,85,7,21,13,2,85,7,21
715,3328,4992,0,109,9,1,57,7,35,9,1,57,7,35
716,3328,4992,0,93,5,5,53,30,0,5,5,53,30,0
717,3328,4992,0,24,1,4,16,2,1,1,4,16,2,1
718,3744,5616,0,98,13,3,39,1,42,13,3,39,1,42
719,3328,4992,0,29,1,3,15,10,0,1,3,15,10,0
720,3744,5616,0,91,8,1,51,7,24,8,1,51,7,24
722,3328,4992,0,305,19,6,164,7,109,19,6,164,7,109
723,3328,4992,0,99,8,0,41,5,45,8,0,41,5,45
724,3744,5616,3,134,6,40,4,87,0,6,39,4,85,0
725,3744,5616,0,176,6,2,68,100,0,6,2,68,100,0
726,3328,4992,0,29,3,4,3,19,0,3,4,3,19,0
727,3744,5616,1,207,13,6,103,18,66,14,6,103,18,66
728,3744,5616,0,209,13,4,104,11,77,13,4,104,11,77
729,3744,5616,1,36,1,4,3,29,0,1,4,3,28,0
730,3744,5616,0,4,1,3,0,0,0,1,3,0,0,0
731,3744,5616,0,24,4,0,12,0,8,4,0,12,0,8
732,3744,5616,2,10,4,8,0,0,0,4,6,0,0,0
733,3328,4992,0,1,1,0,0,0,0,1,0,0,0,0
734,3328,4992,0,2,1,1,0,0,0,1,1,0,0,0
735,3744,5616,0,12,0,3,9,0,0,0,3,9,0,0
736,3744,5616,0,47,9,36,0,2,0,9,36,0,2,0
737,3744,5616,0,5,2,3,0,0,0,2,3,0,0,0
738,3744,5616,0,10,1,1,0,8,0,1,1,0,8,0
739,3744,5616,3,9,4,6,1,0,1,4,3,1,0,1
740,3328,4992,0,43,9,4,20,8,2,9,4,20,8,2
741,3328,4992,2,481,32,5,228,38,176,34,5,228,38,176
742,3744,5616,1,51,6,1,23,6,14,7,1,23,6,14
743,3328,4992,0,234,12,5,113,13,91,12,5,113,13,91
744,3744,5616,2,556,6,3,51,498,0,6,3,51,496,0
745,3328,4992,1,524,32,10,270,30,183,32,10,269,30,183
746,3744,5616,0,31,1,0,11,19,0,1,0,11,19,0
747,3744,5616,0,516,17,6,251,17,225,17,6,251,17,225
748,3328,4992,1,5,0,6,0,0,0,0,5,0,0,0
749,3328,4992,0,40,6,0,24,8,2,6,0,24,8,2
750,3328,4992,4,18,5,1,9,7,0,3,1,9,5,0
751,3744,5616,5,4,0,7,0,2,0,0,4,0,0,0
752,3328,4992,0,41,6,1,16,6,12,6,1,16,6,12
753,3328,4992,0,81,8,1,35,19,18,8,1,35,19,18
754,3328,4992,2,50,2,0,19,31,0,2,0,19,29,0
755,3744,5616,0,212,5,17,51,139,0,5,17,51,139,0
756,3328,4992,0,54,0,0,20,34,0,0,0,20,34,0
757,3328,4992,0,1,1,0,0,0,0,1,0,0,0,0
758,3744,5616,0,100,3,0,12,85,0,3,0,12,85,0
759,3744,5616,3,296,19,5,143,13,119,19,2,143,13,119
760,3744,5616,0,25,3,15,0,7,0,3,15,0,7,0
761,3328,4992,3,139,9,19,53,61,0,9,19,53,58,0
762,3328,4992,0,6,2,2,2,0,0,2,2,2,0,0
763,3744,5616,2,73,0,1,0,74,0,0,1,0,72,0
764,3328,4992,1,42,4,4,26,2,7,4,4,26,2,6
765,3328,4992,0,40,0,1,20,19,0,0,1,20,19,0
766,3328,4992,0,3,1,1,1,0,0,1,1,1,0,0
768,3328,4992,0,3,2,1,0,0,0,2,1,0,0,0
769,3744,5616,0,318,12,0,161,15,130,12,0,161,15,130
770,3328,4992,0,34,1,4,24,5,0,1,4,24,5,0
771,3328,4992,0,149,7,1,113,28,0,7,1,113,28,0
772,3328,4992,0,2,0,1,0,1,0,0,1,0,1,0
773,3744,5616,0,392,28,8,213,5,138,28,8,213,5,138
774,3744,5616,0,285,20,0,139,12,114,20,0,139,12,114
775,3328,4992,0,111,3,4,51,4,49,3,4,51,4,49
776,3744,5616,5,66,3,2,25,2,29,8,2,25,2,29
777,3328,4992,0,5,2,3,0,0,0,2,3,0,0,0
778,3744,5616,0,6,2,3,0,1,0,2,3,0,1,0
780,3744,5616,0,6,0,0,3,3,0,0,0,3,3,0
782,3744,5616,0,120,0,3,95,22,0,0,3,95,22,0
783,3744,5616,0,141,17,8,88,18,10,17,8,88,18,10
784,3328,4992,0,438,11,5,211,211,0,11,5,211,211,0
785,3328,4992,0,589,41,8,288,22,230,41,8,288,22,230
786,3744,5616,0,3,1,2,0,0,0,1,2,0,0,0
787,3744,5616,0,17,3,4,0,10,0,3,4,0,10,0
788,3744,5616,2,38,4,19,12,5,0,3,18,12,5,0
789,3744,5616,0,47,3,2,23,1,18,3,2,23,1,18
790,3328,4992,1,89,7,2,41,4,36,7,2,40,4,36
791,3744,5616,0,74,4,4,37,3,26,4,4,37,3,26
792,3328,4992,0,102,10,0,49,1,42,10,0,49,1,42
793,3328,4992,0,24,11,5,8,0,0,11,5,8,0,0
795,3328,4992,2,10,3,0,8,0,1,3,0,7,0,0
796,3744,5616,0,10,1,0,1,8,0,1,0,1,8,0
797,3328,4992,0,1,1,0,0,0,0,1,0,0,0,0
798,3744,5616,1,3,2,1,0,1,0,2,1,0,0,0
799,3744,5616,0,106,4,12,13,74,3,4,12,13,74,3
801,3744,5616,0,155,9,3,56,30,57,9,3,56,30,57
802,3744,5616,0,131,11,6,48,54,12,11,6,48,54,12
803,3744,5616,2,480,21,10,258,40,151,20,10,259,40,151
804,3328,4992,1,114,6,1,56,52,0,6,1,56,51,0
805,3328,4992,1,118,12,1,60,14,32,12,1,60,14,31
806,3744,5616,2,43,5,12,14,4,10,5,11,14,3,10
807,3744,5616,0,127,7,0,57,7,56,7,0,57,7,56
808,3328,4992,0,1,1,0,0,0,0,1,0,0,0,0
809,3328,4992,0,95,3,0,48,43,1,3,0,48,43,1
810,3328,4992,0,135,15,4,68,28,20,15,4,68,28,20
812,3328,4992,0,22,3,0,16,3,0,3,0,16,3,0
813,3328,4992,1,30,1,3,6,21,0,1,3,6,20,0
814,3744,5616,1,12,1,6,0,6,0,1,6,0,5,0
815,3744,5616,0,14,5,3,2,4,0,5,3,2,4,0
816,3328,4992,25,46,3,0,35,33,0,2,0,34,10,0
817,3744,5616,0,74,4,5,26,39,0,4,5,26,39,0
818,3744,5616,0,12,1,0,4,7,0,1,0,4,7,0
819,3328,4992,0,2,2,0,0,0,0,2,0,0,0,0
820,3328,4992,0,96,4,3,44,4,41,4,3,44,4,41
821,3328,4992,0,6,1,0,3,2,0,1,0,3,2,0
822,3744,5616,1,566,30,10,305,12,210,30,10,305,11,210
823,3744,5616,3,50,2,10,29,12,0,2,7,29,12,0
824,3744,5616,0,6,2,4,0,0,0,2,4,0,0,0
825,3328,4992,0,5,3,1,0,1,0,3,1,0,1,0
826,3328,4992,0,5,0,2,3,0,0,0,2,3,0,0
827,3328,4992,4,15,8,7,4,0,0,4,7,4,0,0
828,3744,5616,0,112,15,9,49,4,35,15,9,49,4,35
829,3744,5616,0,39,4,3,15,9,8,4,3,15,9,8
830,3744,5616,0,48,2,10,4,32,0,2,10,4,32,0
831,3328,4992,0,12,3,2,6,1,0,3,2,6,1,0
832,3744,5616,0,22,0,4,0,18,0,0,4,0,18,0
833,3744,5616,0,509,22,3,226,43,215,22,3,226,43,215
834,3744,5616,0,8,0,7,0,1,0,0,7,0,1,0
835,3744,5616,0,13,4,6,1,2,0,4,6,1,2,0
836,3744,5616,0,9,2,3,3,1,0,2,3,3,1,0
837,3328,4992,7,1,1,0,3,4,0,1,0,0,0,0
838,3744,5616,0,46,11,28,2,5,0,11,28,2,5,0
841,3744,5616,0,35,3,6,0,26,0,3,6,0,26,0
842,3328,4992,0,16,2,4,6,4,0,2,4,6,4,0
843,3328,4992,0,13,3,0,6,4,0,3,0,6,4,0
844,3328,4992,0,25,9,7,5,4,0,9,7,5,4,0
845,3328,4992,1,35,8,1,9,16,0,8,1,9,17,0
846,3328,4992,0,18,1,1,13,3,0,1,1,13,3,0
847,3744,5616,0,454,27,3,227,46,151,27,3,227,46,151
848,3744,5616,0,30,1,1,5,23,0,1,1,5,23,0
849,3744,5616,0,46,6,1,24,5,10,6,1,24,5,10
850,3328,4992,0,32,6,13,13,0,0,6,13,13,0,0
851,3328,4992,0,21,1,2,10,8,0,1,2,10,8,0
852,3744,5616,0,49,6,27,3,10,3,6,27,3,10,3
853,3744,5616,0,4,0,4,0,0,0,0,4,0,0,0
854,3744,5616,0,4,1,2,0,1,0,1,2,0,1,0
855,3744,5616,0,107,3,2,24,78,0,3,2,24,78,0
856,3744,5616,0,31,8,4,14,5,0,8,4,14,5,0
857,3744,5616,14,0,1,10,0,3,0,0,0,0,0,0
858,3744,5616,2,103,6,12,20,67,0,4,12,20,67,0
859,3744,5616,0,50,3,6,8,33,0,3,6,8,33,0
860,3328,4992,0,43,3,2,20,11,7,3,2,20,11,7
861,3328,4992,0,120,4,6,110,0,0,4,6,110,0,0
862,3744,5616,0,124,4,2,18,99,1,4,2,18,99,1
863,3328,4992,0,2,1,1,0,0,0,1,1,0,0,0
864,3744,5616,0,415,14,2,207,20,172,14,2,207,20,172
865,3328,4992,2,1,1,0,0,1,1,0,0,0,1,0
866,3328,4992,0,20,2,0,4,14,0,2,0,4,14,0
867,3328,4992,0,18,0,2,5,11,0,0,2,5,11,0
868,3328,4992,0,172,5,11,62,94,0,5,11,62,94,0
870,3328,4992,0,9,2,0,7,0,0,2,0,7,0,0
871,3328,4992,7,441,23,10,196,43,176,23,10,193,43,172
872,3744,5616,0,186,7,11,132,36,0,7,11,132,36,0
873,3328,4992,1,107,1,0,30,77,0,1,0,30,76,0
874,3744,5616,0,307,18,7,118,47,117,18,7,118,47,117
875,3328,4992,0,86,4,8,60,14,0,4,8,60,14,0
876,3328,4992,0,1,1,0,0,0,0,1,0,0,0,0
877,3328,4992,0,14,1,3,7,3,0,1,3,7,3,0
878,3744,5616,1,53,1,1,16,36,0,1,0,16,36,0
879,3328,4992,0,103,0,0,28,75,0,0,0,28,75,0
880,3744,5616,0,34,2,0,9,23,0,2,0,9,23,0
881,3328,4992,1,403,43,16,169,59,117,43,16,169,58,117
883,3744,5616,0,4,1,3,0,0,0,1,3,0,0,0
884,3744,5616,0,82,3,0,59,13,7,3,0,59,13,7
885,3328,4992,0,36,3,0,21,12,0,3,0,21,12,0
886,3744,5616,0,47,2,0,30,0,15,2,0,30,0,15
887,3328,4992,0,3,1,2,0,0,0,1,2,0,0,0
888,3328,4992,0,10,1,0,5,4,0,1,0,5,4,0
889,3744,5616,3,60,11,1,32,4,15,10,0,32,4,14
890,3328,4992,0,16,3,0,10,3,0,3,0,10,3,0
891,3744,5616,0,61,7,0,27,5,22,7,0,27,5,22
892,3328,4992,0,293,16,6,144,3,124,16,6,144,3,124
893,3744,5616,0,77,1,3,30,35,8,1,3,30,35,8
894,3328,4992,0,84,2,2,41,39,0,2,2,41,39,0
895,3328,4992,0,79,3,2,52,15,7,3,2,52,15,7
896,3328,4992,0,4,4,0,0,0,0,4,0,0,0,0
897,3328,4992,0,36,0,4,21,11,0,0,4,21,11,0
898,3328,4992,0,144,10,4,79,6,45,10,4,79,6,45
899,3744,5616,7,10,0,3,0,2,0,2,2,3,3,0
900,3744,5616,1,1283,42,5,682,26,529,42,5,681,26,529
902,3328,4992,0,2,0,2,0,0,0,0,2,0,0,0
904,3328,4992,0,2,1,1,0,0,0,1,1,0,0,0
906,3744,5616,3,32,4,2,20,7,2,4,1,18,7,2
907,3744,5616,0,93,3,3,32,55,0,3,3,32,55,0
908,3328,4992,0,6,4,2,0,0,0,4,2,0,0,0
910,3744,5616,4,20,3,16,0,5,0,3,16,0,1,0
911,3744,5616,0,208,4,5,149,50,0,4,5,149,50,0
912,3328,4992,2,496,30,2,244,13,205,30,2,246,13,205
914,3744,5616,1,155,3,23,15,115,0,3,23,15,114,0
915,3328,4992,0,7,0,0,2,5,0,0,0,2,5,0
916,3328,4992,0,29,1,3,12,13,0,1,3,12,13,0
917,3744,5616,2,158,10,8,32,110,0,10,8,31,109,0
918,3328,4992,7,37,4,2,25,7,0,4,2,22,6,3
919,3744,5616,0,116,5,3,41,64,3,5,3,41,64,3
920,3744,5616,1,506,11,2,280,212,2,11,2,280,211,2
921,3328,4992,1,78,1,0,25,51,0,1,0,25,52,0
922,3328,4992,0,21,4,4,7,6,0,4,4,7,6,0
923,3744,5616,0,213,8,2,106,11,86,8,2,106,11,86
924,3328,4992,1,289,23,3,131,8,125,23,3,131,8,124
925,3744,5616,4,82,3,3,18,62,0,3,2,18,59,0
926,3744,5616,1,36,2,0,3,32,0,2,0,3,31,0
928,3328,4992,0,23,1,0,0,22,0,1,0,0,22,0
929,3328,4992,0,76,3,0,23,50,0,3,0,23,50,0
930,3328,4992,0,73,8,0,36,8,21,8,0,36,8,21
931,3744,5616,0,42,3,2,20,17,0,3,2,20,17,0
932,3744,5616,0,101,5,8,21,67,0,5,8,21,67,0
933,3744,5616,1,171,6,7,68,70,21,6,7,68,69,21
934,3328,4992,1,58,4,2,36,17,0,4,2,36,16,0
935,3328,4992,0,1,0,1,0,0,0,0,1,0,0,0
936,3744,5616,0,4,1,0,1,2,0,1,0,1,2,0
937,3744,5616,1,49,4,10,26,10,0,4,9,26,10,0
938,3328,4992,0,4,0,0,4,0,0,0,0,4,0,0
939,3328,4992,0,191,16,3,98,8,66,16,3,98,8,66
940,3744,5616,0,83,2,4,3,74,0,2,4,3,74,0
941,3328,4992,5,91,6,2,47,2,39,5,2,46,1,37
942,3744,5616,0,44,1,6,0,37,0,1,6,0,37,0
943,3328,4992,0,52,1,1,24,26,0,1,1,24,26,0
944,3744,5616,0,6,1,4,1,0,0,1,4,1,0,0
945,3328,4992,0,136,6,0,79,6,45,6,0,79,6,45
