<annotation>
	<folder>seals</folder>
	<filename>0_42.jpg</filename>
	<source>
		<database>Source</database>
	</source>
	<size>
		<width>544</width>
		<height>544</height>
		<depth>3</depth>
	</size>
	<segmented>0</segmented>
	<object>
		<name>seals</name>
		<pose>Unspecified</pose>
		<truncated>0</truncated>
		<difficult>0</difficult>
		<bndbox>
			<xmin>0.1</xmin>
			<ymin>158.0</ymin>
			<xmax>100.1</xmax>
			<ymax>308.0</ymax>
		</bndbox>
	</object>
	<object>
		<name>seals</name>
		<pose>Unspecified</pose>
		<truncated>0</truncated>
		<difficult>0</difficult>
		<bndbox>
			<xmin>0.1</xmin>
			<ymin>178.0</ymin>
			<xmax>80.1</xmax>
			<ymax>288.0</ymax>
		</bndbox>
	</object>
	<object>
		<name>seals</name>
		<pose>Unspecified</pose>
		<truncated>0</truncated>
		<difficult>0</difficult>
		<bndbox>
			<xmin>0.1</xmin>
			<ymin>193.0</ymin>
			<xmax>65.1</xmax>
			<ymax>273.0</ymax>
		</bndbox>
	</object>
	<object>
		<name>seals</name>
		<pose>Unspecified</pose>
		<truncated>0</truncated>
		<difficult>0</difficult>
		<bndbox>
			<xmin>98.0</xmin>
			<ymin>455.0</ymin>
			<xmax>208.0</xmax>
			<ymax>543.9</ymax>
		</bndbox>
	</object>
	<object>
		<name>seals</name>
		<pose>Unspecified</pose>
		<truncated>0</truncated>
		<difficult>0</difficult>
		<bndbox>
			<xmin>105.0</xmin>
			<ymin>155.0</ymin>
			<xmax>215.0</xmax>
			<ymax>265.0</ymax>
		</bndbox>
	</object>
	<object>
		<name>seals</name>
		<pose>Unspecified</pose>
		<truncated>0</truncated>
		<difficult>0</difficult>
		<bndbox>
			<xmin>109.0</xmin>
			<ymin>0.1</ymin>
			<xmax>219.0</xmax>
			<ymax>80.1</ymax>
		</bndbox>
	</object>
	<object>
		<name>seals</name>
		<pose>Unspecified</pose>
		<truncated>0</truncated>
		<difficult>0</difficult>
		<bndbox>
			<xmin>113.0</xmin>
			<ymin>470.0</ymin>
			<xmax>193.0</xmax>
			<ymax>543.9</ymax>
		</bndbox>
	</object>
	<object>
		<name>seals</name>
		<pose>Unspecified</pose>
		<truncated>0</truncated>
		<difficult>0</difficult>
		<bndbox>
			<xmin>120.0</xmin>
			<ymin>170.0</ymin>
			<xmax>200.0</xmax>
			<ymax>250.0</ymax>
		</bndbox>
	</object>
	<object>
		<name>seals</name>
		<pose>Unspecified</pose>
		<truncated>0</truncated>
		<difficult>0</difficult>
		<bndbox>
			<xmin>123.0</xmin>
			<ymin>480.0</ymin>
			<xmax>183.0</xmax>
			<ymax>540.0</ymax>
		</bndbox>
	</object>
	<object>
		<name>seals</name>
		<pose>Unspecified</pose>
		<truncated>0</truncated>
		<difficult>0</difficult>
		<bndbox>
			<xmin>124.0</xmin>
			<ymin>0.1</ymin>
			<xmax>204.0</xmax>
			<ymax>65.1</ymax>
		</bndbox>
	</object>
	<object>
		<name>seals</name>
		<pose>Unspecified</pose>
		<truncated>0</truncated>
		<difficult>0</difficult>
		<bndbox>
			<xmin>130.0</xmin>
			<ymin>180.0</ymin>
			<xmax>190.0</xmax>
			<ymax>240.0</ymax>
		</bndbox>
	</object>
	<object>
		<name>seals</name>
		<pose>Unspecified</pose>
		<truncated>0</truncated>
		<difficult>0</difficult>
		<bndbox>
			<xmin>134.0</xmin>
			<ymin>0.1</ymin>
			<xmax>194.0</xmax>
			<ymax>55.1</ymax>
		</bndbox>
	</object>
	<object>
		<name>seals</name>
		<pose>Unspecified</pose>
		<truncated>0</truncated>
		<difficult>0</difficult>
		<bndbox>
			<xmin>154.0</xmin>
			<ymin>302.0</ymin>
			<xmax>264.0</xmax>
			<ymax>412.0</ymax>
		</bndbox>
	</object>
	<object>
		<name>seals</name>
		<pose>Unspecified</pose>
		<truncated>0</truncated>
		<difficult>0</difficult>
		<bndbox>
			<xmin>155.0</xmin>
			<ymin>419.0</ymin>
			<xmax>265.0</xmax>
			<ymax>529.0</ymax>
		</bndbox>
	</object>
	<object>
		<name>seals</name>
		<pose>Unspecified</pose>
		<truncated>0</truncated>
		<difficult>0</difficult>
		<bndbox>
			<xmin>169.0</xmin>
			<ymin>16.0</ymin>
			<xmax>279.0</xmax>
			<ymax>126.0</ymax>
		</bndbox>
	</object>
	<object>
		<name>seals</name>
		<pose>Unspecified</pose>
		<truncated>0</truncated>
		<difficult>0</difficult>
		<bndbox>
			<xmin>169.0</xmin>
			<ymin>317.0</ymin>
			<xmax>249.0</xmax>
			<ymax>397.0</ymax>
		</bndbox>
	</object>
	<object>
		<name>seals</name>
		<pose>Unspecified</pose>
		<truncated>0</truncated>
		<difficult>0</difficult>
		<bndbox>
			<xmin>170.0</xmin>
			<ymin>434.0</ymin>
			<xmax>250.0</xmax>
			<ymax>514.0</ymax>
		</bndbox>
	</object>
	<object>
		<name>seals</name>
		<pose>Unspecified</pose>
		<truncated>0</truncated>
		<difficult>0</difficult>
		<bndbox>
			<xmin>179.0</xmin>
			<ymin>327.0</ymin>
			<xmax>239.0</xmax>
			<ymax>387.0</ymax>
		</bndbox>
	</object>
	<object>
		<name>seals</name>
		<pose>Unspecified</pose>
		<truncated>0</truncated>
		<difficult>0</difficult>
		<bndbox>
			<xmin>180.0</xmin>
			<ymin>444.0</ymin>
			<xmax>240.0</xmax>
			<ymax>504.0</ymax>
		</bndbox>
	</object>
	<object>
		<name>seals</name>
		<pose>Unspecified</pose>
		<truncated>0</truncated>
		<difficult>0</difficult>
		<bndbox>
			<xmin>184.0</xmin>
			<ymin>31.0</ymin>
			<xmax>264.0</xmax>
			<ymax>111.0</ymax>
		</bndbox>
	</object>
	<object>
		<name>seals</name>
		<pose>Unspecified</pose>
		<truncated>0</truncated>
		<difficult>0</difficult>
		<bndbox>
			<xmin>193.0</xmin>
			<ymin>170.0</ymin>
			<xmax>303.0</xmax>
			<ymax>280.0</ymax>
		</bndbox>
	</object>
	<object>
		<name>seals</name>
		<pose>Unspecified</pose>
		<truncated>0</truncated>
		<difficult>0</difficult>
		<bndbox>
			<xmin>194.0</xmin>
			<ymin>41.0</ymin>
			<xmax>254.0</xmax>
			<ymax>101.0</ymax>
		</bndbox>
	</object>
	<object>
		<name>seals</name>
		<pose>Unspecified</pose>
		<truncated>0</truncated>
		<difficult>0</difficult>
		<bndbox>
			<xmin>208.0</xmin>
			<ymin>185.0</ymin>
			<xmax>288.0</xmax>
			<ymax>265.0</ymax>
		</bndbox>
	</object>
	<object>
		<name>seals</name>
		<pose>Unspecified</pose>
		<truncated>0</truncated>
		<difficult>0</difficult>
		<bndbox>
			<xmin>212.0</xmin>
			<ymin>104.0</ymin>
			<xmax>322.0</xmax>
			<ymax>214.0</ymax>
		</bndbox>
	</object>
	<object>
		<name>seals</name>
		<pose>Unspecified</pose>
		<truncated>0</truncated>
		<difficult>0</difficult>
		<bndbox>
			<xmin>217.0</xmin>
			<ymin>0.1</ymin>
			<xmax>327.0</xmax>
			<ymax>78.1</ymax>
		</bndbox>
	</object>
	<object>
		<name>seals</name>
		<pose>Unspecified</pose>
		<truncated>0</truncated>
		<difficult>0</difficult>
		<bndbox>
			<xmin>218.0</xmin>
			<ymin>195.0</ymin>
			<xmax>278.0</xmax>
			<ymax>255.0</ymax>
		</bndbox>
	</object>
	<object>
		<name>seals</name>
		<pose>Unspecified</pose>
		<truncated>0</truncated>
		<difficult>0</difficult>
		<bndbox>
			<xmin>225.0</xmin>
			<ymin>197.0</ymin>
			<xmax>335.0</xmax>
			<ymax>307.0</ymax>
		</bndbox>
	</object>
	<object>
		<name>seals</name>
		<pose>Unspecified</pose>
		<truncated>0</truncated>
		<difficult>0</difficult>
		<bndbox>
			<xmin>227.0</xmin>
			<ymin>119.0</ymin>
			<xmax>307.0</xmax>
			<ymax>199.0</ymax>
		</bndbox>
	</object>
	<object>
		<name>seals</name>
		<pose>Unspecified</pose>
		<truncated>0</truncated>
		<difficult>0</difficult>
		<bndbox>
			<xmin>232.0</xmin>
			<ymin>0.1</ymin>
			<xmax>312.0</xmax>
			<ymax>63.1</ymax>
		</bndbox>
	</object>
	<object>
		<name>seals</name>
		<pose>Unspecified</pose>
		<truncated>0</truncated>
		<difficult>0</difficult>
		<bndbox>
			<xmin>237.0</xmin>
			<ymin>129.0</ymin>
			<xmax>297.0</xmax>
			<ymax>189.0</ymax>
		</bndbox>
	</object>
	<object>
		<name>seals</name>
		<pose>Unspecified</pose>
		<truncated>0</truncated>
		<difficult>0</difficult>
		<bndbox>
			<xmin>240.0</xmin>
			<ymin>212.0</ymin>
			<xmax>320.0</xmax>
			<ymax>292.0</ymax>
		</bndbox>
	</object>
	<object>
		<name>seals</name>
		<pose>Unspecified</pose>
		<truncated>0</truncated>
		<difficult>0</difficult>
		<bndbox>
			<xmin>242.0</xmin>
			<ymin>0.1</ymin>
			<xmax>302.0</xmax>
			<ymax>53.1</ymax>
		</bndbox>
	</object>
	<object>
		<name>seals</name>
		<pose>Unspecified</pose>
		<truncated>0</truncated>
		<difficult>0</difficult>
		<bndbox>
			<xmin>250.0</xmin>
			<ymin>222.0</ymin>
			<xmax>310.0</xmax>
			<ymax>282.0</ymax>
		</bndbox>
	</object>
	<object>
		<name>seals</name>
		<pose>Unspecified</pose>
		<truncated>0</truncated>
		<difficult>0</difficult>
		<bndbox>
			<xmin>259.0</xmin>
			<ymin>118.0</ymin>
			<xmax>369.0</xmax>
			<ymax>228.0</ymax>
		</bndbox>
	</object>
	<object>
		<name>seals</name>
		<pose>Unspecified</pose>
		<truncated>0</truncated>
		<difficult>0</difficult>
		<bndbox>
			<xmin>259.0</xmin>
			<ymin>424.0</ymin>
			<xmax>369.0</xmax>
			<ymax>534.0</ymax>
		</bndbox>
	</object>
	<object>
		<name>seals</name>
		<pose>Unspecified</pose>
		<truncated>0</truncated>
		<difficult>0</difficult>
		<bndbox>
			<xmin>274.0</xmin>
			<ymin>133.0</ymin>
			<xmax>354.0</xmax>
			<ymax>213.0</ymax>
		</bndbox>
	</object>
	<object>
		<name>seals</name>
		<pose>Unspecified</pose>
		<truncated>0</truncated>
		<difficult>0</difficult>
		<bndbox>
			<xmin>274.0</xmin>
			<ymin>439.0</ymin>
			<xmax>354.0</xmax>
			<ymax>519.0</ymax>
		</bndbox>
	</object>
	<object>
		<name>seals</name>
		<pose>Unspecified</pose>
		<truncated>0</truncated>
		<difficult>0</difficult>
		<bndbox>
			<xmin>277.0</xmin>
			<ymin>301.0</ymin>
			<xmax>387.0</xmax>
			<ymax>411.0</ymax>
		</bndbox>
	</object>
	<object>
		<name>seals</name>
		<pose>Unspecified</pose>
		<truncated>0</truncated>
		<difficult>0</difficult>
		<bndbox>
			<xmin>284.0</xmin>
			<ymin>143.0</ymin>
			<xmax>344.0</xmax>
			<ymax>203.0</ymax>
		</bndbox>
	</object>
	<object>
		<name>seals</name>
		<pose>Unspecified</pose>
		<truncated>0</truncated>
		<difficult>0</difficult>
		<bndbox>
			<xmin>284.0</xmin>
			<ymin>449.0</ymin>
			<xmax>344.0</xmax>
			<ymax>509.0</ymax>
		</bndbox>
	</object>
	<object>
		<name>seals</name>
		<pose>Unspecified</pose>
		<truncated>0</truncated>
		<difficult>0</difficult>
		<bndbox>
			<xmin>292.0</xmin>
			<ymin>316.0</ymin>
			<xmax>372.0</xmax>
			<ymax>396.0</ymax>
		</bndbox>
	</object>
	<object>
		<name>seals</name>
		<pose>Unspecified</pose>
		<truncated>0</truncated>
		<difficult>0</difficult>
		<bndbox>
			<xmin>296.0</xmin>
			<ymin>0.1</ymin>
			<xmax>406.0</xmax>
			<ymax>102.1</ymax>
		</bndbox>
	</object>
	<object>
		<name>seals</name>
		<pose>Unspecified</pose>
		<truncated>0</truncated>
		<difficult>0</difficult>
		<bndbox>
			<xmin>301.0</xmin>
			<ymin>155.0</ymin>
			<xmax>411.0</xmax>
			<ymax>265.0</ymax>
		</bndbox>
	</object>
	<object>
		<name>seals</name>
		<pose>Unspecified</pose>
		<truncated>0</truncated>
		<difficult>0</difficult>
		<bndbox>
			<xmin>302.0</xmin>
			<ymin>326.0</ymin>
			<xmax>362.0</xmax>
			<ymax>386.0</ymax>
		</bndbox>
	</object>
	<object>
		<name>seals</name>
		<pose>Unspecified</pose>
		<truncated>0</truncated>
		<difficult>0</difficult>
		<bndbox>
			<xmin>311.0</xmin>
			<ymin>7.0</ymin>
			<xmax>391.0</xmax>
			<ymax>87.0</ymax>
		</bndbox>
	</object>
	<object>
		<name>seals</name>
		<pose>Unspecified</pose>
		<truncated>0</truncated>
		<difficult>0</difficult>
		<bndbox>
			<xmin>316.0</xmin>
			<ymin>170.0</ymin>
			<xmax>396.0</xmax>
			<ymax>250.0</ymax>
		</bndbox>
	</object>
	<object>
		<name>seals</name>
		<pose>Unspecified</pose>
		<truncated>0</truncated>
		<difficult>0</difficult>
		<bndbox>
			<xmin>321.0</xmin>
			<ymin>17.0</ymin>
			<xmax>381.0</xmax>
			<ymax>77.0</ymax>
		</bndbox>
	</object>
	<object>
		<name>seals</name>
		<pose>Unspecified</pose>
		<truncated>0</truncated>
		<difficult>0</difficult>
		<bndbox>
			<xmin>326.0</xmin>
			<ymin>180.0</ymin>
			<xmax>386.0</xmax>
			<ymax>240.0</ymax>
		</bndbox>
	</object>
	<object>
		<name>seals</name>
		<pose>Unspecified</pose>
		<truncated>0</truncated>
		<difficult>0</difficult>
		<bndbox>
			<xmin>335.0</xmin>
			<ymin>95.0</ymin>
			<xmax>445.0</xmax>
			<ymax>205.0</ymax>
		</bndbox>
	</object>
	<object>
		<name>seals</name>
		<pose>Unspecified</pose>
		<truncated>0</truncated>
		<difficult>0</difficult>
		<bndbox>
			<xmin>346.0</xmin>
			<ymin>424.0</ymin>
			<xmax>456.0</xmax>
			<ymax>534.0</ymax>
		</bndbox>
	</object>
	<object>
		<name>seals</name>
		<pose>Unspecified</pose>
		<truncated>0</truncated>
		<difficult>0</difficult>
		<bndbox>
			<xmin>349.0</xmin>
			<ymin>217.0</ymin>
			<xmax>459.0</xmax>
			<ymax>327.0</ymax>
		</bndbox>
	</object>
	<object>
		<name>seals</name>
		<pose>Unspecified</pose>
		<truncated>0</truncated>
		<difficult>0</difficult>
		<bndbox>
			<xmin>350.0</xmin>
			<ymin>110.0</ymin>
			<xmax>430.0</xmax>
			<ymax>190.0</ymax>
		</bndbox>
	</object>
	<object>
		<name>seals</name>
		<pose>Unspecified</pose>
		<truncated>0</truncated>
		<difficult>0</difficult>
		<bndbox>
			<xmin>360.0</xmin>
			<ymin>120.0</ymin>
			<xmax>420.0</xmax>
			<ymax>180.0</ymax>
		</bndbox>
	</object>
	<object>
		<name>seals</name>
		<pose>Unspecified</pose>
		<truncated>0</truncated>
		<difficult>0</difficult>
		<bndbox>
			<xmin>361.0</xmin>
			<ymin>439.0</ymin>
			<xmax>441.0</xmax>
			<ymax>519.0</ymax>
		</bndbox>
	</object>
	<object>
		<name>seals</name>
		<pose>Unspecified</pose>
		<truncated>0</truncated>
		<difficult>0</difficult>
		<bndbox>
			<xmin>364.0</xmin>
			<ymin>232.0</ymin>
			<xmax>444.0</xmax>
			<ymax>312.0</ymax>
		</bndbox>
	</object>
	<object>
		<name>seals</name>
		<pose>Unspecified</pose>
		<truncated>0</truncated>
		<difficult>0</difficult>
		<bndbox>
			<xmin>371.0</xmin>
			<ymin>449.0</ymin>
			<xmax>431.0</xmax>
			<ymax>509.0</ymax>
		</bndbox>
	</object>
	<object>
		<name>seals</name>
		<pose>Unspecified</pose>
		<truncated>0</truncated>
		<difficult>0</difficult>
		<bndbox>
			<xmin>374.0</xmin>
			<ymin>242.0</ymin>
			<xmax>434.0</xmax>
			<ymax>302.0</ymax>
		</bndbox>
	</object>
	<object>
		<name>seals</name>
		<pose>Unspecified</pose>
		<truncated>0</truncated>
		<difficult>0</difficult>
		<bndbox>
			<xmin>402.0</xmin>
			<ymin>318.0</ymin>
			<xmax>512.0</xmax>
			<ymax>428.0</ymax>
		</bndbox>
	</object>
	<object>
		<name>seals</name>
		<pose>Unspecified</pose>
		<truncated>0</truncated>
		<difficult>0</difficult>
		<bndbox>
			<xmin>417.0</xmin>
			<ymin>333.0</ymin>
			<xmax>497.0</xmax>
			<ymax>413.0</ymax>
		</bndbox>
	</object>
	<object>
		<name>seals</name>
		<pose>Unspecified</pose>
		<truncated>0</truncated>
		<difficult>0</difficult>
		<bndbox>
			<xmin>427.0</xmin>
			<ymin>343.0</ymin>
			<xmax>487.0</xmax>
			<ymax>403.0</ymax>
		</bndbox>
	</object>
	<object>
		<name>seals</name>
		<pose>Unspecified</pose>
		<truncated>0</truncated>
		<difficult>0</difficult>
		<bndbox>
			<xmin>440.0</xmin>
			<ymin>87.0</ymin>
			<xmax>543.9</xmax>
			<ymax>197.0</ymax>
		</bndbox>
	</object>
	<object>
		<name>seals</name>
		<pose>Unspecified</pose>
		<truncated>0</truncated>
		<difficult>0</difficult>
		<bndbox>
			<xmin>455.0</xmin>
			<ymin>102.0</ymin>
			<xmax>535.0</xmax>
			<ymax>182.0</ymax>
		</bndbox>
	</object>
	<object>
		<name>seals</name>
		<pose>Unspecified</pose>
		<truncated>0</truncated>
		<difficult>0</difficult>
		<bndbox>
			<xmin>465.0</xmin>
			<ymin>0.1</ymin>
			<xmax>543.9</xmax>
			<ymax>60.1</ymax>
		</bndbox>
	</object>
	<object>
		<name>seals</name>
		<pose>Unspecified</pose>
		<truncated>0</truncated>
		<difficult>0</difficult>
		<bndbox>
			<xmin>465.0</xmin>
			<ymin>112.0</ymin>
			<xmax>525.0</xmax>
			<ymax>172.0</ymax>
		</bndbox>
	</object>
	<object>
		<name>seals</name>
		<pose>Unspecified</pose>
		<truncated>0</truncated>
		<difficult>0</difficult>
		<bndbox>
			<xmin>472.0</xmin>
			<ymin>155.0</ymin>
			<xmax>543.9</xmax>
			<ymax>265.0</ymax>
		</bndbox>
	</object>
	<object>
		<name>seals</name>
		<pose>Unspecified</pose>
		<truncated>0</truncated>
		<difficult>0</difficult>
		<bndbox>
			<xmin>480.0</xmin>
			<ymin>0.1</ymin>
			<xmax>543.9</xmax>
			<ymax>45.1</ymax>
		</bndbox>
	</object>
	<object>
		<name>seals</name>
		<pose>Unspecified</pose>
		<truncated>0</truncated>
		<difficult>0</difficult>
		<bndbox>
			<xmin>486.0</xmin>
			<ymin>221.0</ymin>
			<xmax>543.9</xmax>
			<ymax>331.0</ymax>
		</bndbox>
	</object>
	<object>
		<name>seals</name>
		<pose>Unspecified</pose>
		<truncated>0</truncated>
		<difficult>0</difficult>
		<bndbox>
			<xmin>487.0</xmin>
			<ymin>170.0</ymin>
			<xmax>543.9</xmax>
			<ymax>250.0</ymax>
		</bndbox>
	</object>
	<object>
		<name>seals</name>
		<pose>Unspecified</pose>
		<truncated>0</truncated>
		<difficult>0</difficult>
		<bndbox>
			<xmin>490.0</xmin>
			<ymin>0.1</ymin>
			<xmax>543.9</xmax>
			<ymax>35.1</ymax>
		</bndbox>
	</object>
	<object>
		<name>seals</name>
		<pose>Unspecified</pose>
		<truncated>0</truncated>
		<difficult>0</difficult>
		<bndbox>
			<xmin>497.0</xmin>
			<ymin>180.0</ymin>
			<xmax>543.9</xmax>
			<ymax>240.0</ymax>
		</bndbox>
	</object>
	<object>
		<name>seals</name>
		<pose>Unspecified</pose>
		<truncated>0</truncated>
		<difficult>0</difficult>
		<bndbox>
			<xmin>501.0</xmin>
			<ymin>236.0</ymin>
			<xmax>543.9</xmax>
			<ymax>316.0</ymax>
		</bndbox>
	</object>
	<object>
		<name>seals</name>
		<pose>Unspecified</pose>
		<truncated>0</truncated>
		<difficult>0</difficult>
		<bndbox>
			<xmin>511.0</xmin>
			<ymin>246.0</ymin>
			<xmax>543.9</xmax>
			<ymax>306.0</ymax>
		</bndbox>
	</object></annotation>