<annotation>
	<folder>seals</folder>
	<filename>127_54.jpg</filename>
	<source>
		<database>Source</database>
	</source>
	<size>
		<width>544</width>
		<height>544</height>
		<depth>3</depth>
	</size>
	<segmented>0</segmented>
	<object>
		<name>seals</name>
		<pose>Unspecified</pose>
		<truncated>0</truncated>
		<difficult>0</difficult>
		<bndbox>
			<xmin>0.1</xmin>
			<ymin>384.0</ymin>
			<xmax>63.1</xmax>
			<ymax>494.0</ymax>
		</bndbox>
	</object>
	<object>
		<name>seals</name>
		<pose>Unspecified</pose>
		<truncated>0</truncated>
		<difficult>0</difficult>
		<bndbox>
			<xmin>0.1</xmin>
			<ymin>399.0</ymin>
			<xmax>48.1</xmax>
			<ymax>479.0</ymax>
		</bndbox>
	</object>
	<object>
		<name>seals</name>
		<pose>Unspecified</pose>
		<truncated>0</truncated>
		<difficult>0</difficult>
		<bndbox>
			<xmin>0.1</xmin>
			<ymin>403.0</ymin>
			<xmax>96.1</xmax>
			<ymax>513.0</ymax>
		</bndbox>
	</object>
	<object>
		<name>seals</name>
		<pose>Unspecified</pose>
		<truncated>0</truncated>
		<difficult>0</difficult>
		<bndbox>
			<xmin>0.1</xmin>
			<ymin>409.0</ymin>
			<xmax>38.1</xmax>
			<ymax>469.0</ymax>
		</bndbox>
	</object>
	<object>
		<name>seals</name>
		<pose>Unspecified</pose>
		<truncated>0</truncated>
		<difficult>0</difficult>
		<bndbox>
			<xmin>1.0</xmin>
			<ymin>418.0</ymin>
			<xmax>81.0</xmax>
			<ymax>498.0</ymax>
		</bndbox>
	</object>
	<object>
		<name>seals</name>
		<pose>Unspecified</pose>
		<truncated>0</truncated>
		<difficult>0</difficult>
		<bndbox>
			<xmin>11.0</xmin>
			<ymin>428.0</ymin>
			<xmax>71.0</xmax>
			<ymax>488.0</ymax>
		</bndbox>
	</object>
	<object>
		<name>seals</name>
		<pose>Unspecified</pose>
		<truncated>0</truncated>
		<difficult>0</difficult>
		<bndbox>
			<xmin>16.0</xmin>
			<ymin>382.0</ymin>
			<xmax>126.0</xmax>
			<ymax>492.0</ymax>
		</bndbox>
	</object>
	<object>
		<name>seals</name>
		<pose>Unspecified</pose>
		<truncated>0</truncated>
		<difficult>0</difficult>
		<bndbox>
			<xmin>17.0</xmin>
			<ymin>401.0</ymin>
			<xmax>127.0</xmax>
			<ymax>511.0</ymax>
		</bndbox>
	</object>
	<object>
		<name>seals</name>
		<pose>Unspecified</pose>
		<truncated>0</truncated>
		<difficult>0</difficult>
		<bndbox>
			<xmin>23.0</xmin>
			<ymin>365.0</ymin>
			<xmax>133.0</xmax>
			<ymax>475.0</ymax>
		</bndbox>
	</object>
	<object>
		<name>seals</name>
		<pose>Unspecified</pose>
		<truncated>0</truncated>
		<difficult>0</difficult>
		<bndbox>
			<xmin>31.0</xmin>
			<ymin>397.0</ymin>
			<xmax>111.0</xmax>
			<ymax>477.0</ymax>
		</bndbox>
	</object>
	<object>
		<name>seals</name>
		<pose>Unspecified</pose>
		<truncated>0</truncated>
		<difficult>0</difficult>
		<bndbox>
			<xmin>32.0</xmin>
			<ymin>416.0</ymin>
			<xmax>112.0</xmax>
			<ymax>496.0</ymax>
		</bndbox>
	</object>
	<object>
		<name>seals</name>
		<pose>Unspecified</pose>
		<truncated>0</truncated>
		<difficult>0</difficult>
		<bndbox>
			<xmin>38.0</xmin>
			<ymin>380.0</ymin>
			<xmax>118.0</xmax>
			<ymax>460.0</ymax>
		</bndbox>
	</object>
	<object>
		<name>seals</name>
		<pose>Unspecified</pose>
		<truncated>0</truncated>
		<difficult>0</difficult>
		<bndbox>
			<xmin>41.0</xmin>
			<ymin>407.0</ymin>
			<xmax>101.0</xmax>
			<ymax>467.0</ymax>
		</bndbox>
	</object>
	<object>
		<name>seals</name>
		<pose>Unspecified</pose>
		<truncated>0</truncated>
		<difficult>0</difficult>
		<bndbox>
			<xmin>42.0</xmin>
			<ymin>426.0</ymin>
			<xmax>102.0</xmax>
			<ymax>486.0</ymax>
		</bndbox>
	</object>
	<object>
		<name>seals</name>
		<pose>Unspecified</pose>
		<truncated>0</truncated>
		<difficult>0</difficult>
		<bndbox>
			<xmin>48.0</xmin>
			<ymin>390.0</ymin>
			<xmax>108.0</xmax>
			<ymax>450.0</ymax>
		</bndbox>
	</object>
	<object>
		<name>seals</name>
		<pose>Unspecified</pose>
		<truncated>0</truncated>
		<difficult>0</difficult>
		<bndbox>
			<xmin>149.0</xmin>
			<ymin>74.0</ymin>
			<xmax>259.0</xmax>
			<ymax>184.0</ymax>
		</bndbox>
	</object>
	<object>
		<name>seals</name>
		<pose>Unspecified</pose>
		<truncated>0</truncated>
		<difficult>0</difficult>
		<bndbox>
			<xmin>155.0</xmin>
			<ymin>119.0</ymin>
			<xmax>265.0</xmax>
			<ymax>229.0</ymax>
		</bndbox>
	</object>
	<object>
		<name>seals</name>
		<pose>Unspecified</pose>
		<truncated>0</truncated>
		<difficult>0</difficult>
		<bndbox>
			<xmin>162.0</xmin>
			<ymin>20.0</ymin>
			<xmax>272.0</xmax>
			<ymax>130.0</ymax>
		</bndbox>
	</object>
	<object>
		<name>seals</name>
		<pose>Unspecified</pose>
		<truncated>0</truncated>
		<difficult>0</difficult>
		<bndbox>
			<xmin>164.0</xmin>
			<ymin>89.0</ymin>
			<xmax>244.0</xmax>
			<ymax>169.0</ymax>
		</bndbox>
	</object>
	<object>
		<name>seals</name>
		<pose>Unspecified</pose>
		<truncated>0</truncated>
		<difficult>0</difficult>
		<bndbox>
			<xmin>168.0</xmin>
			<ymin>166.0</ymin>
			<xmax>278.0</xmax>
			<ymax>276.0</ymax>
		</bndbox>
	</object>
	<object>
		<name>seals</name>
		<pose>Unspecified</pose>
		<truncated>0</truncated>
		<difficult>0</difficult>
		<bndbox>
			<xmin>170.0</xmin>
			<ymin>134.0</ymin>
			<xmax>250.0</xmax>
			<ymax>214.0</ymax>
		</bndbox>
	</object>
	<object>
		<name>seals</name>
		<pose>Unspecified</pose>
		<truncated>0</truncated>
		<difficult>0</difficult>
		<bndbox>
			<xmin>174.0</xmin>
			<ymin>99.0</ymin>
			<xmax>234.0</xmax>
			<ymax>159.0</ymax>
		</bndbox>
	</object>
	<object>
		<name>seals</name>
		<pose>Unspecified</pose>
		<truncated>0</truncated>
		<difficult>0</difficult>
		<bndbox>
			<xmin>177.0</xmin>
			<ymin>35.0</ymin>
			<xmax>257.0</xmax>
			<ymax>115.0</ymax>
		</bndbox>
	</object>
	<object>
		<name>seals</name>
		<pose>Unspecified</pose>
		<truncated>0</truncated>
		<difficult>0</difficult>
		<bndbox>
			<xmin>180.0</xmin>
			<ymin>144.0</ymin>
			<xmax>240.0</xmax>
			<ymax>204.0</ymax>
		</bndbox>
	</object>
	<object>
		<name>seals</name>
		<pose>Unspecified</pose>
		<truncated>0</truncated>
		<difficult>0</difficult>
		<bndbox>
			<xmin>183.0</xmin>
			<ymin>181.0</ymin>
			<xmax>263.0</xmax>
			<ymax>261.0</ymax>
		</bndbox>
	</object>
	<object>
		<name>seals</name>
		<pose>Unspecified</pose>
		<truncated>0</truncated>
		<difficult>0</difficult>
		<bndbox>
			<xmin>187.0</xmin>
			<ymin>45.0</ymin>
			<xmax>247.0</xmax>
			<ymax>105.0</ymax>
		</bndbox>
	</object>
	<object>
		<name>seals</name>
		<pose>Unspecified</pose>
		<truncated>0</truncated>
		<difficult>0</difficult>
		<bndbox>
			<xmin>193.0</xmin>
			<ymin>191.0</ymin>
			<xmax>253.0</xmax>
			<ymax>251.0</ymax>
		</bndbox>
	</object>
	<object>
		<name>seals</name>
		<pose>Unspecified</pose>
		<truncated>0</truncated>
		<difficult>0</difficult>
		<bndbox>
			<xmin>205.0</xmin>
			<ymin>89.0</ymin>
			<xmax>315.0</xmax>
			<ymax>199.0</ymax>
		</bndbox>
	</object>
	<object>
		<name>seals</name>
		<pose>Unspecified</pose>
		<truncated>0</truncated>
		<difficult>0</difficult>
		<bndbox>
			<xmin>213.0</xmin>
			<ymin>2.0</ymin>
			<xmax>323.0</xmax>
			<ymax>112.0</ymax>
		</bndbox>
	</object>
	<object>
		<name>seals</name>
		<pose>Unspecified</pose>
		<truncated>0</truncated>
		<difficult>0</difficult>
		<bndbox>
			<xmin>220.0</xmin>
			<ymin>104.0</ymin>
			<xmax>300.0</xmax>
			<ymax>184.0</ymax>
		</bndbox>
	</object>
	<object>
		<name>seals</name>
		<pose>Unspecified</pose>
		<truncated>0</truncated>
		<difficult>0</difficult>
		<bndbox>
			<xmin>228.0</xmin>
			<ymin>17.0</ymin>
			<xmax>308.0</xmax>
			<ymax>97.0</ymax>
		</bndbox>
	</object>
	<object>
		<name>seals</name>
		<pose>Unspecified</pose>
		<truncated>0</truncated>
		<difficult>0</difficult>
		<bndbox>
			<xmin>230.0</xmin>
			<ymin>114.0</ymin>
			<xmax>290.0</xmax>
			<ymax>174.0</ymax>
		</bndbox>
	</object>
	<object>
		<name>seals</name>
		<pose>Unspecified</pose>
		<truncated>0</truncated>
		<difficult>0</difficult>
		<bndbox>
			<xmin>234.0</xmin>
			<ymin>67.0</ymin>
			<xmax>344.0</xmax>
			<ymax>177.0</ymax>
		</bndbox>
	</object>
	<object>
		<name>seals</name>
		<pose>Unspecified</pose>
		<truncated>0</truncated>
		<difficult>0</difficult>
		<bndbox>
			<xmin>238.0</xmin>
			<ymin>27.0</ymin>
			<xmax>298.0</xmax>
			<ymax>87.0</ymax>
		</bndbox>
	</object>
	<object>
		<name>seals</name>
		<pose>Unspecified</pose>
		<truncated>0</truncated>
		<difficult>0</difficult>
		<bndbox>
			<xmin>249.0</xmin>
			<ymin>82.0</ymin>
			<xmax>329.0</xmax>
			<ymax>162.0</ymax>
		</bndbox>
	</object>
	<object>
		<name>seals</name>
		<pose>Unspecified</pose>
		<truncated>0</truncated>
		<difficult>0</difficult>
		<bndbox>
			<xmin>259.0</xmin>
			<ymin>92.0</ymin>
			<xmax>319.0</xmax>
			<ymax>152.0</ymax>
		</bndbox>
	</object>
	<object>
		<name>seals</name>
		<pose>Unspecified</pose>
		<truncated>0</truncated>
		<difficult>0</difficult>
		<bndbox>
			<xmin>263.0</xmin>
			<ymin>67.0</ymin>
			<xmax>373.0</xmax>
			<ymax>177.0</ymax>
		</bndbox>
	</object>
	<object>
		<name>seals</name>
		<pose>Unspecified</pose>
		<truncated>0</truncated>
		<difficult>0</difficult>
		<bndbox>
			<xmin>264.0</xmin>
			<ymin>84.0</ymin>
			<xmax>374.0</xmax>
			<ymax>194.0</ymax>
		</bndbox>
	</object>
	<object>
		<name>seals</name>
		<pose>Unspecified</pose>
		<truncated>0</truncated>
		<difficult>0</difficult>
		<bndbox>
			<xmin>278.0</xmin>
			<ymin>82.0</ymin>
			<xmax>358.0</xmax>
			<ymax>162.0</ymax>
		</bndbox>
	</object>
	<object>
		<name>seals</name>
		<pose>Unspecified</pose>
		<truncated>0</truncated>
		<difficult>0</difficult>
		<bndbox>
			<xmin>279.0</xmin>
			<ymin>99.0</ymin>
			<xmax>359.0</xmax>
			<ymax>179.0</ymax>
		</bndbox>
	</object>
	<object>
		<name>seals</name>
		<pose>Unspecified</pose>
		<truncated>0</truncated>
		<difficult>0</difficult>
		<bndbox>
			<xmin>288.0</xmin>
			<ymin>92.0</ymin>
			<xmax>348.0</xmax>
			<ymax>152.0</ymax>
		</bndbox>
	</object>
	<object>
		<name>seals</name>
		<pose>Unspecified</pose>
		<truncated>0</truncated>
		<difficult>0</difficult>
		<bndbox>
			<xmin>289.0</xmin>
			<ymin>109.0</ymin>
			<xmax>349.0</xmax>
			<ymax>169.0</ymax>
		</bndbox>
	</object>
	<object>
		<name>seals</name>
		<pose>Unspecified</pose>
		<truncated>0</truncated>
		<difficult>0</difficult>
		<bndbox>
			<xmin>342.0</xmin>
			<ymin>29.0</ymin>
			<xmax>452.0</xmax>
			<ymax>139.0</ymax>
		</bndbox>
	</object>
	<object>
		<name>seals</name>
		<pose>Unspecified</pose>
		<truncated>0</truncated>
		<difficult>0</difficult>
		<bndbox>
			<xmin>357.0</xmin>
			<ymin>44.0</ymin>
			<xmax>437.0</xmax>
			<ymax>124.0</ymax>
		</bndbox>
	</object>
	<object>
		<name>seals</name>
		<pose>Unspecified</pose>
		<truncated>0</truncated>
		<difficult>0</difficult>
		<bndbox>
			<xmin>367.0</xmin>
			<ymin>54.0</ymin>
			<xmax>427.0</xmax>
			<ymax>114.0</ymax>
		</bndbox>
	</object></annotation>