<annotation>
	<folder>seals</folder>
	<filename>174_65.jpg</filename>
	<source>
		<database>Source</database>
	</source>
	<size>
		<width>544</width>
		<height>544</height>
		<depth>3</depth>
	</size>
	<segmented>0</segmented>
	<object>
		<name>seals</name>
		<pose>Unspecified</pose>
		<truncated>0</truncated>
		<difficult>0</difficult>
		<bndbox>
			<xmin>0.1</xmin>
			<ymin>134.0</ymin>
			<xmax>69.1</xmax>
			<ymax>244.0</ymax>
		</bndbox>
	</object>
	<object>
		<name>seals</name>
		<pose>Unspecified</pose>
		<truncated>0</truncated>
		<difficult>0</difficult>
		<bndbox>
			<xmin>0.1</xmin>
			<ymin>149.0</ymin>
			<xmax>54.1</xmax>
			<ymax>229.0</ymax>
		</bndbox>
	</object>
	<object>
		<name>seals</name>
		<pose>Unspecified</pose>
		<truncated>0</truncated>
		<difficult>0</difficult>
		<bndbox>
			<xmin>0.1</xmin>
			<ymin>159.0</ymin>
			<xmax>44.1</xmax>
			<ymax>219.0</ymax>
		</bndbox>
	</object>
	<object>
		<name>seals</name>
		<pose>Unspecified</pose>
		<truncated>0</truncated>
		<difficult>0</difficult>
		<bndbox>
			<xmin>0.1</xmin>
			<ymin>192.0</ymin>
			<xmax>101.1</xmax>
			<ymax>302.0</ymax>
		</bndbox>
	</object>
	<object>
		<name>seals</name>
		<pose>Unspecified</pose>
		<truncated>0</truncated>
		<difficult>0</difficult>
		<bndbox>
			<xmin>6.0</xmin>
			<ymin>207.0</ymin>
			<xmax>86.0</xmax>
			<ymax>287.0</ymax>
		</bndbox>
	</object>
	<object>
		<name>seals</name>
		<pose>Unspecified</pose>
		<truncated>0</truncated>
		<difficult>0</difficult>
		<bndbox>
			<xmin>16.0</xmin>
			<ymin>217.0</ymin>
			<xmax>76.0</xmax>
			<ymax>277.0</ymax>
		</bndbox>
	</object>
	<object>
		<name>seals</name>
		<pose>Unspecified</pose>
		<truncated>0</truncated>
		<difficult>0</difficult>
		<bndbox>
			<xmin>78.0</xmin>
			<ymin>215.0</ymin>
			<xmax>188.0</xmax>
			<ymax>325.0</ymax>
		</bndbox>
	</object>
	<object>
		<name>seals</name>
		<pose>Unspecified</pose>
		<truncated>0</truncated>
		<difficult>0</difficult>
		<bndbox>
			<xmin>93.0</xmin>
			<ymin>230.0</ymin>
			<xmax>173.0</xmax>
			<ymax>310.0</ymax>
		</bndbox>
	</object>
	<object>
		<name>seals</name>
		<pose>Unspecified</pose>
		<truncated>0</truncated>
		<difficult>0</difficult>
		<bndbox>
			<xmin>103.0</xmin>
			<ymin>240.0</ymin>
			<xmax>163.0</xmax>
			<ymax>300.0</ymax>
		</bndbox>
	</object>
	<object>
		<name>seals</name>
		<pose>Unspecified</pose>
		<truncated>0</truncated>
		<difficult>0</difficult>
		<bndbox>
			<xmin>146.0</xmin>
			<ymin>60.0</ymin>
			<xmax>256.0</xmax>
			<ymax>170.0</ymax>
		</bndbox>
	</object>
	<object>
		<name>seals</name>
		<pose>Unspecified</pose>
		<truncated>0</truncated>
		<difficult>0</difficult>
		<bndbox>
			<xmin>159.0</xmin>
			<ymin>234.0</ymin>
			<xmax>269.0</xmax>
			<ymax>344.0</ymax>
		</bndbox>
	</object>
	<object>
		<name>seals</name>
		<pose>Unspecified</pose>
		<truncated>0</truncated>
		<difficult>0</difficult>
		<bndbox>
			<xmin>161.0</xmin>
			<ymin>75.0</ymin>
			<xmax>241.0</xmax>
			<ymax>155.0</ymax>
		</bndbox>
	</object>
	<object>
		<name>seals</name>
		<pose>Unspecified</pose>
		<truncated>0</truncated>
		<difficult>0</difficult>
		<bndbox>
			<xmin>171.0</xmin>
			<ymin>85.0</ymin>
			<xmax>231.0</xmax>
			<ymax>145.0</ymax>
		</bndbox>
	</object>
	<object>
		<name>seals</name>
		<pose>Unspecified</pose>
		<truncated>0</truncated>
		<difficult>0</difficult>
		<bndbox>
			<xmin>174.0</xmin>
			<ymin>249.0</ymin>
			<xmax>254.0</xmax>
			<ymax>329.0</ymax>
		</bndbox>
	</object>
	<object>
		<name>seals</name>
		<pose>Unspecified</pose>
		<truncated>0</truncated>
		<difficult>0</difficult>
		<bndbox>
			<xmin>184.0</xmin>
			<ymin>259.0</ymin>
			<xmax>244.0</xmax>
			<ymax>319.0</ymax>
		</bndbox>
	</object>
	<object>
		<name>seals</name>
		<pose>Unspecified</pose>
		<truncated>0</truncated>
		<difficult>0</difficult>
		<bndbox>
			<xmin>195.0</xmin>
			<ymin>159.0</ymin>
			<xmax>305.0</xmax>
			<ymax>269.0</ymax>
		</bndbox>
	</object>
	<object>
		<name>seals</name>
		<pose>Unspecified</pose>
		<truncated>0</truncated>
		<difficult>0</difficult>
		<bndbox>
			<xmin>210.0</xmin>
			<ymin>174.0</ymin>
			<xmax>290.0</xmax>
			<ymax>254.0</ymax>
		</bndbox>
	</object>
	<object>
		<name>seals</name>
		<pose>Unspecified</pose>
		<truncated>0</truncated>
		<difficult>0</difficult>
		<bndbox>
			<xmin>220.0</xmin>
			<ymin>184.0</ymin>
			<xmax>280.0</xmax>
			<ymax>244.0</ymax>
		</bndbox>
	</object>
	<object>
		<name>seals</name>
		<pose>Unspecified</pose>
		<truncated>0</truncated>
		<difficult>0</difficult>
		<bndbox>
			<xmin>274.0</xmin>
			<ymin>160.0</ymin>
			<xmax>384.0</xmax>
			<ymax>270.0</ymax>
		</bndbox>
	</object>
	<object>
		<name>seals</name>
		<pose>Unspecified</pose>
		<truncated>0</truncated>
		<difficult>0</difficult>
		<bndbox>
			<xmin>289.0</xmin>
			<ymin>175.0</ymin>
			<xmax>369.0</xmax>
			<ymax>255.0</ymax>
		</bndbox>
	</object>
	<object>
		<name>seals</name>
		<pose>Unspecified</pose>
		<truncated>0</truncated>
		<difficult>0</difficult>
		<bndbox>
			<xmin>299.0</xmin>
			<ymin>185.0</ymin>
			<xmax>359.0</xmax>
			<ymax>245.0</ymax>
		</bndbox>
	</object></annotation>