<annotation>
	<folder>seals</folder>
	<filename>187_43.jpg</filename>
	<source>
		<database>Source</database>
	</source>
	<size>
		<width>544</width>
		<height>544</height>
		<depth>3</depth>
	</size>
	<segmented>0</segmented>
	<object>
		<name>seals</name>
		<pose>Unspecified</pose>
		<truncated>0</truncated>
		<difficult>0</difficult>
		<bndbox>
			<xmin>108.0</xmin>
			<ymin>18.0</ymin>
			<xmax>258.0</xmax>
			<ymax>168.0</ymax>
		</bndbox>
	</object>
	<object>
		<name>seals</name>
		<pose>Unspecified</pose>
		<truncated>0</truncated>
		<difficult>0</difficult>
		<bndbox>
			<xmin>128.0</xmin>
			<ymin>38.0</ymin>
			<xmax>238.0</xmax>
			<ymax>148.0</ymax>
		</bndbox>
	</object>
	<object>
		<name>seals</name>
		<pose>Unspecified</pose>
		<truncated>0</truncated>
		<difficult>0</difficult>
		<bndbox>
			<xmin>143.0</xmin>
			<ymin>53.0</ymin>
			<xmax>223.0</xmax>
			<ymax>133.0</ymax>
		</bndbox>
	</object>
	<object>
		<name>seals</name>
		<pose>Unspecified</pose>
		<truncated>0</truncated>
		<difficult>0</difficult>
		<bndbox>
			<xmin>183.0</xmin>
			<ymin>88.0</ymin>
			<xmax>293.0</xmax>
			<ymax>198.0</ymax>
		</bndbox>
	</object>
	<object>
		<name>seals</name>
		<pose>Unspecified</pose>
		<truncated>0</truncated>
		<difficult>0</difficult>
		<bndbox>
			<xmin>189.0</xmin>
			<ymin>29.0</ymin>
			<xmax>299.0</xmax>
			<ymax>139.0</ymax>
		</bndbox>
	</object>
	<object>
		<name>seals</name>
		<pose>Unspecified</pose>
		<truncated>0</truncated>
		<difficult>0</difficult>
		<bndbox>
			<xmin>198.0</xmin>
			<ymin>103.0</ymin>
			<xmax>278.0</xmax>
			<ymax>183.0</ymax>
		</bndbox>
	</object>
	<object>
		<name>seals</name>
		<pose>Unspecified</pose>
		<truncated>0</truncated>
		<difficult>0</difficult>
		<bndbox>
			<xmin>202.0</xmin>
			<ymin>196.0</ymin>
			<xmax>312.0</xmax>
			<ymax>306.0</ymax>
		</bndbox>
	</object>
	<object>
		<name>seals</name>
		<pose>Unspecified</pose>
		<truncated>0</truncated>
		<difficult>0</difficult>
		<bndbox>
			<xmin>204.0</xmin>
			<ymin>44.0</ymin>
			<xmax>284.0</xmax>
			<ymax>124.0</ymax>
		</bndbox>
	</object>
	<object>
		<name>seals</name>
		<pose>Unspecified</pose>
		<truncated>0</truncated>
		<difficult>0</difficult>
		<bndbox>
			<xmin>207.0</xmin>
			<ymin>299.0</ymin>
			<xmax>317.0</xmax>
			<ymax>409.0</ymax>
		</bndbox>
	</object>
	<object>
		<name>seals</name>
		<pose>Unspecified</pose>
		<truncated>0</truncated>
		<difficult>0</difficult>
		<bndbox>
			<xmin>208.0</xmin>
			<ymin>113.0</ymin>
			<xmax>268.0</xmax>
			<ymax>173.0</ymax>
		</bndbox>
	</object>
	<object>
		<name>seals</name>
		<pose>Unspecified</pose>
		<truncated>0</truncated>
		<difficult>0</difficult>
		<bndbox>
			<xmin>214.0</xmin>
			<ymin>54.0</ymin>
			<xmax>274.0</xmax>
			<ymax>114.0</ymax>
		</bndbox>
	</object>
	<object>
		<name>seals</name>
		<pose>Unspecified</pose>
		<truncated>0</truncated>
		<difficult>0</difficult>
		<bndbox>
			<xmin>217.0</xmin>
			<ymin>211.0</ymin>
			<xmax>297.0</xmax>
			<ymax>291.0</ymax>
		</bndbox>
	</object>
	<object>
		<name>seals</name>
		<pose>Unspecified</pose>
		<truncated>0</truncated>
		<difficult>0</difficult>
		<bndbox>
			<xmin>217.0</xmin>
			<ymin>344.0</ymin>
			<xmax>327.0</xmax>
			<ymax>454.0</ymax>
		</bndbox>
	</object>
	<object>
		<name>seals</name>
		<pose>Unspecified</pose>
		<truncated>0</truncated>
		<difficult>0</difficult>
		<bndbox>
			<xmin>218.0</xmin>
			<ymin>248.0</ymin>
			<xmax>328.0</xmax>
			<ymax>358.0</ymax>
		</bndbox>
	</object>
	<object>
		<name>seals</name>
		<pose>Unspecified</pose>
		<truncated>0</truncated>
		<difficult>0</difficult>
		<bndbox>
			<xmin>222.0</xmin>
			<ymin>170.0</ymin>
			<xmax>332.0</xmax>
			<ymax>280.0</ymax>
		</bndbox>
	</object>
	<object>
		<name>seals</name>
		<pose>Unspecified</pose>
		<truncated>0</truncated>
		<difficult>0</difficult>
		<bndbox>
			<xmin>222.0</xmin>
			<ymin>314.0</ymin>
			<xmax>302.0</xmax>
			<ymax>394.0</ymax>
		</bndbox>
	</object>
	<object>
		<name>seals</name>
		<pose>Unspecified</pose>
		<truncated>0</truncated>
		<difficult>0</difficult>
		<bndbox>
			<xmin>227.0</xmin>
			<ymin>0.1</ymin>
			<xmax>337.0</xmax>
			<ymax>55.1</ymax>
		</bndbox>
	</object>
	<object>
		<name>seals</name>
		<pose>Unspecified</pose>
		<truncated>0</truncated>
		<difficult>0</difficult>
		<bndbox>
			<xmin>227.0</xmin>
			<ymin>221.0</ymin>
			<xmax>287.0</xmax>
			<ymax>281.0</ymax>
		</bndbox>
	</object>
	<object>
		<name>seals</name>
		<pose>Unspecified</pose>
		<truncated>0</truncated>
		<difficult>0</difficult>
		<bndbox>
			<xmin>232.0</xmin>
			<ymin>324.0</ymin>
			<xmax>292.0</xmax>
			<ymax>384.0</ymax>
		</bndbox>
	</object>
	<object>
		<name>seals</name>
		<pose>Unspecified</pose>
		<truncated>0</truncated>
		<difficult>0</difficult>
		<bndbox>
			<xmin>232.0</xmin>
			<ymin>359.0</ymin>
			<xmax>312.0</xmax>
			<ymax>439.0</ymax>
		</bndbox>
	</object>
	<object>
		<name>seals</name>
		<pose>Unspecified</pose>
		<truncated>0</truncated>
		<difficult>0</difficult>
		<bndbox>
			<xmin>233.0</xmin>
			<ymin>263.0</ymin>
			<xmax>313.0</xmax>
			<ymax>343.0</ymax>
		</bndbox>
	</object>
	<object>
		<name>seals</name>
		<pose>Unspecified</pose>
		<truncated>0</truncated>
		<difficult>0</difficult>
		<bndbox>
			<xmin>234.0</xmin>
			<ymin>292.0</ymin>
			<xmax>344.0</xmax>
			<ymax>402.0</ymax>
		</bndbox>
	</object>
	<object>
		<name>seals</name>
		<pose>Unspecified</pose>
		<truncated>0</truncated>
		<difficult>0</difficult>
		<bndbox>
			<xmin>237.0</xmin>
			<ymin>185.0</ymin>
			<xmax>317.0</xmax>
			<ymax>265.0</ymax>
		</bndbox>
	</object>
	<object>
		<name>seals</name>
		<pose>Unspecified</pose>
		<truncated>0</truncated>
		<difficult>0</difficult>
		<bndbox>
			<xmin>242.0</xmin>
			<ymin>0.1</ymin>
			<xmax>322.0</xmax>
			<ymax>40.1</ymax>
		</bndbox>
	</object>
	<object>
		<name>seals</name>
		<pose>Unspecified</pose>
		<truncated>0</truncated>
		<difficult>0</difficult>
		<bndbox>
			<xmin>242.0</xmin>
			<ymin>369.0</ymin>
			<xmax>302.0</xmax>
			<ymax>429.0</ymax>
		</bndbox>
	</object>
	<object>
		<name>seals</name>
		<pose>Unspecified</pose>
		<truncated>0</truncated>
		<difficult>0</difficult>
		<bndbox>
			<xmin>243.0</xmin>
			<ymin>273.0</ymin>
			<xmax>303.0</xmax>
			<ymax>333.0</ymax>
		</bndbox>
	</object>
	<object>
		<name>seals</name>
		<pose>Unspecified</pose>
		<truncated>0</truncated>
		<difficult>0</difficult>
		<bndbox>
			<xmin>247.0</xmin>
			<ymin>195.0</ymin>
			<xmax>307.0</xmax>
			<ymax>255.0</ymax>
		</bndbox>
	</object>
	<object>
		<name>seals</name>
		<pose>Unspecified</pose>
		<truncated>0</truncated>
		<difficult>0</difficult>
		<bndbox>
			<xmin>249.0</xmin>
			<ymin>307.0</ymin>
			<xmax>329.0</xmax>
			<ymax>387.0</ymax>
		</bndbox>
	</object>
	<object>
		<name>seals</name>
		<pose>Unspecified</pose>
		<truncated>0</truncated>
		<difficult>0</difficult>
		<bndbox>
			<xmin>252.0</xmin>
			<ymin>0.1</ymin>
			<xmax>312.0</xmax>
			<ymax>30.1</ymax>
		</bndbox>
	</object>
	<object>
		<name>seals</name>
		<pose>Unspecified</pose>
		<truncated>0</truncated>
		<difficult>0</difficult>
		<bndbox>
			<xmin>256.0</xmin>
			<ymin>13.0</ymin>
			<xmax>366.0</xmax>
			<ymax>123.0</ymax>
		</bndbox>
	</object>
	<object>
		<name>seals</name>
		<pose>Unspecified</pose>
		<truncated>0</truncated>
		<difficult>0</difficult>
		<bndbox>
			<xmin>257.0</xmin>
			<ymin>73.0</ymin>
			<xmax>367.0</xmax>
			<ymax>183.0</ymax>
		</bndbox>
	</object>
	<object>
		<name>seals</name>
		<pose>Unspecified</pose>
		<truncated>0</truncated>
		<difficult>0</difficult>
		<bndbox>
			<xmin>259.0</xmin>
			<ymin>317.0</ymin>
			<xmax>319.0</xmax>
			<ymax>377.0</ymax>
		</bndbox>
	</object>
	<object>
		<name>seals</name>
		<pose>Unspecified</pose>
		<truncated>0</truncated>
		<difficult>0</difficult>
		<bndbox>
			<xmin>259.0</xmin>
			<ymin>412.0</ymin>
			<xmax>369.0</xmax>
			<ymax>522.0</ymax>
		</bndbox>
	</object>
	<object>
		<name>seals</name>
		<pose>Unspecified</pose>
		<truncated>0</truncated>
		<difficult>0</difficult>
		<bndbox>
			<xmin>271.0</xmin>
			<ymin>28.0</ymin>
			<xmax>351.0</xmax>
			<ymax>108.0</ymax>
		</bndbox>
	</object>
	<object>
		<name>seals</name>
		<pose>Unspecified</pose>
		<truncated>0</truncated>
		<difficult>0</difficult>
		<bndbox>
			<xmin>272.0</xmin>
			<ymin>88.0</ymin>
			<xmax>352.0</xmax>
			<ymax>168.0</ymax>
		</bndbox>
	</object>
	<object>
		<name>seals</name>
		<pose>Unspecified</pose>
		<truncated>0</truncated>
		<difficult>0</difficult>
		<bndbox>
			<xmin>274.0</xmin>
			<ymin>427.0</ymin>
			<xmax>354.0</xmax>
			<ymax>507.0</ymax>
		</bndbox>
	</object>
	<object>
		<name>seals</name>
		<pose>Unspecified</pose>
		<truncated>0</truncated>
		<difficult>0</difficult>
		<bndbox>
			<xmin>278.0</xmin>
			<ymin>184.0</ymin>
			<xmax>388.0</xmax>
			<ymax>294.0</ymax>
		</bndbox>
	</object>
	<object>
		<name>seals</name>
		<pose>Unspecified</pose>
		<truncated>0</truncated>
		<difficult>0</difficult>
		<bndbox>
			<xmin>281.0</xmin>
			<ymin>38.0</ymin>
			<xmax>341.0</xmax>
			<ymax>98.0</ymax>
		</bndbox>
	</object>
	<object>
		<name>seals</name>
		<pose>Unspecified</pose>
		<truncated>0</truncated>
		<difficult>0</difficult>
		<bndbox>
			<xmin>281.0</xmin>
			<ymin>384.0</ymin>
			<xmax>391.0</xmax>
			<ymax>494.0</ymax>
		</bndbox>
	</object>
	<object>
		<name>seals</name>
		<pose>Unspecified</pose>
		<truncated>0</truncated>
		<difficult>0</difficult>
		<bndbox>
			<xmin>282.0</xmin>
			<ymin>98.0</ymin>
			<xmax>342.0</xmax>
			<ymax>158.0</ymax>
		</bndbox>
	</object>
	<object>
		<name>seals</name>
		<pose>Unspecified</pose>
		<truncated>0</truncated>
		<difficult>0</difficult>
		<bndbox>
			<xmin>284.0</xmin>
			<ymin>437.0</ymin>
			<xmax>344.0</xmax>
			<ymax>497.0</ymax>
		</bndbox>
	</object>
	<object>
		<name>seals</name>
		<pose>Unspecified</pose>
		<truncated>0</truncated>
		<difficult>0</difficult>
		<bndbox>
			<xmin>291.0</xmin>
			<ymin>414.0</ymin>
			<xmax>401.0</xmax>
			<ymax>524.0</ymax>
		</bndbox>
	</object>
	<object>
		<name>seals</name>
		<pose>Unspecified</pose>
		<truncated>0</truncated>
		<difficult>0</difficult>
		<bndbox>
			<xmin>293.0</xmin>
			<ymin>199.0</ymin>
			<xmax>373.0</xmax>
			<ymax>279.0</ymax>
		</bndbox>
	</object>
	<object>
		<name>seals</name>
		<pose>Unspecified</pose>
		<truncated>0</truncated>
		<difficult>0</difficult>
		<bndbox>
			<xmin>293.0</xmin>
			<ymin>322.0</ymin>
			<xmax>403.0</xmax>
			<ymax>432.0</ymax>
		</bndbox>
	</object>
	<object>
		<name>seals</name>
		<pose>Unspecified</pose>
		<truncated>0</truncated>
		<difficult>0</difficult>
		<bndbox>
			<xmin>295.0</xmin>
			<ymin>144.0</ymin>
			<xmax>405.0</xmax>
			<ymax>254.0</ymax>
		</bndbox>
	</object>
	<object>
		<name>seals</name>
		<pose>Unspecified</pose>
		<truncated>0</truncated>
		<difficult>0</difficult>
		<bndbox>
			<xmin>296.0</xmin>
			<ymin>399.0</ymin>
			<xmax>376.0</xmax>
			<ymax>479.0</ymax>
		</bndbox>
	</object>
	<object>
		<name>seals</name>
		<pose>Unspecified</pose>
		<truncated>0</truncated>
		<difficult>0</difficult>
		<bndbox>
			<xmin>303.0</xmin>
			<ymin>209.0</ymin>
			<xmax>363.0</xmax>
			<ymax>269.0</ymax>
		</bndbox>
	</object>
	<object>
		<name>seals</name>
		<pose>Unspecified</pose>
		<truncated>0</truncated>
		<difficult>0</difficult>
		<bndbox>
			<xmin>306.0</xmin>
			<ymin>409.0</ymin>
			<xmax>366.0</xmax>
			<ymax>469.0</ymax>
		</bndbox>
	</object>
	<object>
		<name>seals</name>
		<pose>Unspecified</pose>
		<truncated>0</truncated>
		<difficult>0</difficult>
		<bndbox>
			<xmin>306.0</xmin>
			<ymin>429.0</ymin>
			<xmax>386.0</xmax>
			<ymax>509.0</ymax>
		</bndbox>
	</object>
	<object>
		<name>seals</name>
		<pose>Unspecified</pose>
		<truncated>0</truncated>
		<difficult>0</difficult>
		<bndbox>
			<xmin>308.0</xmin>
			<ymin>337.0</ymin>
			<xmax>388.0</xmax>
			<ymax>417.0</ymax>
		</bndbox>
	</object>
	<object>
		<name>seals</name>
		<pose>Unspecified</pose>
		<truncated>0</truncated>
		<difficult>0</difficult>
		<bndbox>
			<xmin>310.0</xmin>
			<ymin>159.0</ymin>
			<xmax>390.0</xmax>
			<ymax>239.0</ymax>
		</bndbox>
	</object>
	<object>
		<name>seals</name>
		<pose>Unspecified</pose>
		<truncated>0</truncated>
		<difficult>0</difficult>
		<bndbox>
			<xmin>316.0</xmin>
			<ymin>28.0</ymin>
			<xmax>426.0</xmax>
			<ymax>138.0</ymax>
		</bndbox>
	</object>
	<object>
		<name>seals</name>
		<pose>Unspecified</pose>
		<truncated>0</truncated>
		<difficult>0</difficult>
		<bndbox>
			<xmin>316.0</xmin>
			<ymin>439.0</ymin>
			<xmax>376.0</xmax>
			<ymax>499.0</ymax>
		</bndbox>
	</object>
	<object>
		<name>seals</name>
		<pose>Unspecified</pose>
		<truncated>0</truncated>
		<difficult>0</difficult>
		<bndbox>
			<xmin>317.0</xmin>
			<ymin>101.0</ymin>
			<xmax>427.0</xmax>
			<ymax>211.0</ymax>
		</bndbox>
	</object>
	<object>
		<name>seals</name>
		<pose>Unspecified</pose>
		<truncated>0</truncated>
		<difficult>0</difficult>
		<bndbox>
			<xmin>318.0</xmin>
			<ymin>347.0</ymin>
			<xmax>378.0</xmax>
			<ymax>407.0</ymax>
		</bndbox>
	</object>
	<object>
		<name>seals</name>
		<pose>Unspecified</pose>
		<truncated>0</truncated>
		<difficult>0</difficult>
		<bndbox>
			<xmin>320.0</xmin>
			<ymin>169.0</ymin>
			<xmax>380.0</xmax>
			<ymax>229.0</ymax>
		</bndbox>
	</object>
	<object>
		<name>seals</name>
		<pose>Unspecified</pose>
		<truncated>0</truncated>
		<difficult>0</difficult>
		<bndbox>
			<xmin>321.0</xmin>
			<ymin>179.0</ymin>
			<xmax>431.0</xmax>
			<ymax>289.0</ymax>
		</bndbox>
	</object>
	<object>
		<name>seals</name>
		<pose>Unspecified</pose>
		<truncated>0</truncated>
		<difficult>0</difficult>
		<bndbox>
			<xmin>331.0</xmin>
			<ymin>43.0</ymin>
			<xmax>411.0</xmax>
			<ymax>123.0</ymax>
		</bndbox>
	</object>
	<object>
		<name>seals</name>
		<pose>Unspecified</pose>
		<truncated>0</truncated>
		<difficult>0</difficult>
		<bndbox>
			<xmin>332.0</xmin>
			<ymin>116.0</ymin>
			<xmax>412.0</xmax>
			<ymax>196.0</ymax>
		</bndbox>
	</object>
	<object>
		<name>seals</name>
		<pose>Unspecified</pose>
		<truncated>0</truncated>
		<difficult>0</difficult>
		<bndbox>
			<xmin>336.0</xmin>
			<ymin>194.0</ymin>
			<xmax>416.0</xmax>
			<ymax>274.0</ymax>
		</bndbox>
	</object>
	<object>
		<name>seals</name>
		<pose>Unspecified</pose>
		<truncated>0</truncated>
		<difficult>0</difficult>
		<bndbox>
			<xmin>336.0</xmin>
			<ymin>407.0</ymin>
			<xmax>446.0</xmax>
			<ymax>517.0</ymax>
		</bndbox>
	</object>
	<object>
		<name>seals</name>
		<pose>Unspecified</pose>
		<truncated>0</truncated>
		<difficult>0</difficult>
		<bndbox>
			<xmin>341.0</xmin>
			<ymin>53.0</ymin>
			<xmax>401.0</xmax>
			<ymax>113.0</ymax>
		</bndbox>
	</object>
	<object>
		<name>seals</name>
		<pose>Unspecified</pose>
		<truncated>0</truncated>
		<difficult>0</difficult>
		<bndbox>
			<xmin>342.0</xmin>
			<ymin>126.0</ymin>
			<xmax>402.0</xmax>
			<ymax>186.0</ymax>
		</bndbox>
	</object>
	<object>
		<name>seals</name>
		<pose>Unspecified</pose>
		<truncated>0</truncated>
		<difficult>0</difficult>
		<bndbox>
			<xmin>346.0</xmin>
			<ymin>204.0</ymin>
			<xmax>406.0</xmax>
			<ymax>264.0</ymax>
		</bndbox>
	</object>
	<object>
		<name>seals</name>
		<pose>Unspecified</pose>
		<truncated>0</truncated>
		<difficult>0</difficult>
		<bndbox>
			<xmin>346.0</xmin>
			<ymin>333.0</ymin>
			<xmax>456.0</xmax>
			<ymax>443.0</ymax>
		</bndbox>
	</object>
	<object>
		<name>seals</name>
		<pose>Unspecified</pose>
		<truncated>0</truncated>
		<difficult>0</difficult>
		<bndbox>
			<xmin>348.0</xmin>
			<ymin>262.0</ymin>
			<xmax>458.0</xmax>
			<ymax>372.0</ymax>
		</bndbox>
	</object>
	<object>
		<name>seals</name>
		<pose>Unspecified</pose>
		<truncated>0</truncated>
		<difficult>0</difficult>
		<bndbox>
			<xmin>351.0</xmin>
			<ymin>422.0</ymin>
			<xmax>431.0</xmax>
			<ymax>502.0</ymax>
		</bndbox>
	</object>
	<object>
		<name>seals</name>
		<pose>Unspecified</pose>
		<truncated>0</truncated>
		<difficult>0</difficult>
		<bndbox>
			<xmin>361.0</xmin>
			<ymin>348.0</ymin>
			<xmax>441.0</xmax>
			<ymax>428.0</ymax>
		</bndbox>
	</object>
	<object>
		<name>seals</name>
		<pose>Unspecified</pose>
		<truncated>0</truncated>
		<difficult>0</difficult>
		<bndbox>
			<xmin>361.0</xmin>
			<ymin>432.0</ymin>
			<xmax>421.0</xmax>
			<ymax>492.0</ymax>
		</bndbox>
	</object>
	<object>
		<name>seals</name>
		<pose>Unspecified</pose>
		<truncated>0</truncated>
		<difficult>0</difficult>
		<bndbox>
			<xmin>363.0</xmin>
			<ymin>277.0</ymin>
			<xmax>443.0</xmax>
			<ymax>357.0</ymax>
		</bndbox>
	</object>
	<object>
		<name>seals</name>
		<pose>Unspecified</pose>
		<truncated>0</truncated>
		<difficult>0</difficult>
		<bndbox>
			<xmin>367.0</xmin>
			<ymin>197.0</ymin>
			<xmax>477.0</xmax>
			<ymax>307.0</ymax>
		</bndbox>
	</object>
	<object>
		<name>seals</name>
		<pose>Unspecified</pose>
		<truncated>0</truncated>
		<difficult>0</difficult>
		<bndbox>
			<xmin>371.0</xmin>
			<ymin>358.0</ymin>
			<xmax>431.0</xmax>
			<ymax>418.0</ymax>
		</bndbox>
	</object>
	<object>
		<name>seals</name>
		<pose>Unspecified</pose>
		<truncated>0</truncated>
		<difficult>0</difficult>
		<bndbox>
			<xmin>373.0</xmin>
			<ymin>287.0</ymin>
			<xmax>433.0</xmax>
			<ymax>347.0</ymax>
		</bndbox>
	</object>
	<object>
		<name>seals</name>
		<pose>Unspecified</pose>
		<truncated>0</truncated>
		<difficult>0</difficult>
		<bndbox>
			<xmin>374.0</xmin>
			<ymin>139.0</ymin>
			<xmax>484.0</xmax>
			<ymax>249.0</ymax>
		</bndbox>
	</object>
	<object>
		<name>seals</name>
		<pose>Unspecified</pose>
		<truncated>0</truncated>
		<difficult>0</difficult>
		<bndbox>
			<xmin>382.0</xmin>
			<ymin>212.0</ymin>
			<xmax>462.0</xmax>
			<ymax>292.0</ymax>
		</bndbox>
	</object>
	<object>
		<name>seals</name>
		<pose>Unspecified</pose>
		<truncated>0</truncated>
		<difficult>0</difficult>
		<bndbox>
			<xmin>386.0</xmin>
			<ymin>340.0</ymin>
			<xmax>536.0</xmax>
			<ymax>490.0</ymax>
		</bndbox>
	</object>
	<object>
		<name>seals</name>
		<pose>Unspecified</pose>
		<truncated>0</truncated>
		<difficult>0</difficult>
		<bndbox>
			<xmin>389.0</xmin>
			<ymin>154.0</ymin>
			<xmax>469.0</xmax>
			<ymax>234.0</ymax>
		</bndbox>
	</object>
	<object>
		<name>seals</name>
		<pose>Unspecified</pose>
		<truncated>0</truncated>
		<difficult>0</difficult>
		<bndbox>
			<xmin>392.0</xmin>
			<ymin>222.0</ymin>
			<xmax>452.0</xmax>
			<ymax>282.0</ymax>
		</bndbox>
	</object>
	<object>
		<name>seals</name>
		<pose>Unspecified</pose>
		<truncated>0</truncated>
		<difficult>0</difficult>
		<bndbox>
			<xmin>393.0</xmin>
			<ymin>295.0</ymin>
			<xmax>503.0</xmax>
			<ymax>405.0</ymax>
		</bndbox>
	</object>
	<object>
		<name>seals</name>
		<pose>Unspecified</pose>
		<truncated>0</truncated>
		<difficult>0</difficult>
		<bndbox>
			<xmin>399.0</xmin>
			<ymin>164.0</ymin>
			<xmax>459.0</xmax>
			<ymax>224.0</ymax>
		</bndbox>
	</object>
	<object>
		<name>seals</name>
		<pose>Unspecified</pose>
		<truncated>0</truncated>
		<difficult>0</difficult>
		<bndbox>
			<xmin>406.0</xmin>
			<ymin>360.0</ymin>
			<xmax>516.0</xmax>
			<ymax>470.0</ymax>
		</bndbox>
	</object>
	<object>
		<name>seals</name>
		<pose>Unspecified</pose>
		<truncated>0</truncated>
		<difficult>0</difficult>
		<bndbox>
			<xmin>408.0</xmin>
			<ymin>310.0</ymin>
			<xmax>488.0</xmax>
			<ymax>390.0</ymax>
		</bndbox>
	</object>
	<object>
		<name>seals</name>
		<pose>Unspecified</pose>
		<truncated>0</truncated>
		<difficult>0</difficult>
		<bndbox>
			<xmin>410.0</xmin>
			<ymin>450.0</ymin>
			<xmax>520.0</xmax>
			<ymax>543.9</ymax>
		</bndbox>
	</object>
	<object>
		<name>seals</name>
		<pose>Unspecified</pose>
		<truncated>0</truncated>
		<difficult>0</difficult>
		<bndbox>
			<xmin>412.0</xmin>
			<ymin>131.0</ymin>
			<xmax>522.0</xmax>
			<ymax>241.0</ymax>
		</bndbox>
	</object>
	<object>
		<name>seals</name>
		<pose>Unspecified</pose>
		<truncated>0</truncated>
		<difficult>0</difficult>
		<bndbox>
			<xmin>418.0</xmin>
			<ymin>320.0</ymin>
			<xmax>478.0</xmax>
			<ymax>380.0</ymax>
		</bndbox>
	</object>
	<object>
		<name>seals</name>
		<pose>Unspecified</pose>
		<truncated>0</truncated>
		<difficult>0</difficult>
		<bndbox>
			<xmin>421.0</xmin>
			<ymin>375.0</ymin>
			<xmax>501.0</xmax>
			<ymax>455.0</ymax>
		</bndbox>
	</object>
	<object>
		<name>seals</name>
		<pose>Unspecified</pose>
		<truncated>0</truncated>
		<difficult>0</difficult>
		<bndbox>
			<xmin>425.0</xmin>
			<ymin>465.0</ymin>
			<xmax>505.0</xmax>
			<ymax>543.9</ymax>
		</bndbox>
	</object>
	<object>
		<name>seals</name>
		<pose>Unspecified</pose>
		<truncated>0</truncated>
		<difficult>0</difficult>
		<bndbox>
			<xmin>427.0</xmin>
			<ymin>146.0</ymin>
			<xmax>507.0</xmax>
			<ymax>226.0</ymax>
		</bndbox>
	</object>
	<object>
		<name>seals</name>
		<pose>Unspecified</pose>
		<truncated>0</truncated>
		<difficult>0</difficult>
		<bndbox>
			<xmin>435.0</xmin>
			<ymin>475.0</ymin>
			<xmax>495.0</xmax>
			<ymax>535.0</ymax>
		</bndbox>
	</object>
	<object>
		<name>seals</name>
		<pose>Unspecified</pose>
		<truncated>0</truncated>
		<difficult>0</difficult>
		<bndbox>
			<xmin>437.0</xmin>
			<ymin>156.0</ymin>
			<xmax>497.0</xmax>
			<ymax>216.0</ymax>
		</bndbox>
	</object>
	<object>
		<name>seals</name>
		<pose>Unspecified</pose>
		<truncated>0</truncated>
		<difficult>0</difficult>
		<bndbox>
			<xmin>462.0</xmin>
			<ymin>29.0</ymin>
			<xmax>543.9</xmax>
			<ymax>139.0</ymax>
		</bndbox>
	</object>
	<object>
		<name>seals</name>
		<pose>Unspecified</pose>
		<truncated>0</truncated>
		<difficult>0</difficult>
		<bndbox>
			<xmin>466.0</xmin>
			<ymin>0.1</ymin>
			<xmax>543.9</xmax>
			<ymax>56.1</ymax>
		</bndbox>
	</object>
	<object>
		<name>seals</name>
		<pose>Unspecified</pose>
		<truncated>0</truncated>
		<difficult>0</difficult>
		<bndbox>
			<xmin>470.0</xmin>
			<ymin>67.0</ymin>
			<xmax>543.9</xmax>
			<ymax>177.0</ymax>
		</bndbox>
	</object>
	<object>
		<name>seals</name>
		<pose>Unspecified</pose>
		<truncated>0</truncated>
		<difficult>0</difficult>
		<bndbox>
			<xmin>470.0</xmin>
			<ymin>264.0</ymin>
			<xmax>543.9</xmax>
			<ymax>374.0</ymax>
		</bndbox>
	</object>
	<object>
		<name>seals</name>
		<pose>Unspecified</pose>
		<truncated>0</truncated>
		<difficult>0</difficult>
		<bndbox>
			<xmin>477.0</xmin>
			<ymin>44.0</ymin>
			<xmax>543.9</xmax>
			<ymax>124.0</ymax>
		</bndbox>
	</object>
	<object>
		<name>seals</name>
		<pose>Unspecified</pose>
		<truncated>0</truncated>
		<difficult>0</difficult>
		<bndbox>
			<xmin>481.0</xmin>
			<ymin>0.1</ymin>
			<xmax>543.9</xmax>
			<ymax>41.1</ymax>
		</bndbox>
	</object>
	<object>
		<name>seals</name>
		<pose>Unspecified</pose>
		<truncated>0</truncated>
		<difficult>0</difficult>
		<bndbox>
			<xmin>485.0</xmin>
			<ymin>82.0</ymin>
			<xmax>543.9</xmax>
			<ymax>162.0</ymax>
		</bndbox>
	</object>
	<object>
		<name>seals</name>
		<pose>Unspecified</pose>
		<truncated>0</truncated>
		<difficult>0</difficult>
		<bndbox>
			<xmin>485.0</xmin>
			<ymin>279.0</ymin>
			<xmax>543.9</xmax>
			<ymax>359.0</ymax>
		</bndbox>
	</object>
	<object>
		<name>seals</name>
		<pose>Unspecified</pose>
		<truncated>0</truncated>
		<difficult>0</difficult>
		<bndbox>
			<xmin>486.0</xmin>
			<ymin>332.0</ymin>
			<xmax>543.9</xmax>
			<ymax>442.0</ymax>
		</bndbox>
	</object>
	<object>
		<name>seals</name>
		<pose>Unspecified</pose>
		<truncated>0</truncated>
		<difficult>0</difficult>
		<bndbox>
			<xmin>487.0</xmin>
			<ymin>54.0</ymin>
			<xmax>543.9</xmax>
			<ymax>114.0</ymax>
		</bndbox>
	</object>
	<object>
		<name>seals</name>
		<pose>Unspecified</pose>
		<truncated>0</truncated>
		<difficult>0</difficult>
		<bndbox>
			<xmin>491.0</xmin>
			<ymin>0.1</ymin>
			<xmax>543.9</xmax>
			<ymax>31.1</ymax>
		</bndbox>
	</object>
	<object>
		<name>seals</name>
		<pose>Unspecified</pose>
		<truncated>0</truncated>
		<difficult>0</difficult>
		<bndbox>
			<xmin>495.0</xmin>
			<ymin>92.0</ymin>
			<xmax>543.9</xmax>
			<ymax>152.0</ymax>
		</bndbox>
	</object>
	<object>
		<name>seals</name>
		<pose>Unspecified</pose>
		<truncated>0</truncated>
		<difficult>0</difficult>
		<bndbox>
			<xmin>495.0</xmin>
			<ymin>289.0</ymin>
			<xmax>543.9</xmax>
			<ymax>349.0</ymax>
		</bndbox>
	</object>
	<object>
		<name>seals</name>
		<pose>Unspecified</pose>
		<truncated>0</truncated>
		<difficult>0</difficult>
		<bndbox>
			<xmin>501.0</xmin>
			<ymin>347.0</ymin>
			<xmax>543.9</xmax>
			<ymax>427.0</ymax>
		</bndbox>
	</object>
	<object>
		<name>seals</name>
		<pose>Unspecified</pose>
		<truncated>0</truncated>
		<difficult>0</difficult>
		<bndbox>
			<xmin>511.0</xmin>
			<ymin>357.0</ymin>
			<xmax>543.9</xmax>
			<ymax>417.0</ymax>
		</bndbox>
	</object></annotation>