<annotation>
	<folder>seals</folder>
	<filename>204_72.jpg</filename>
	<source>
		<database>Source</database>
	</source>
	<size>
		<width>544</width>
		<height>544</height>
		<depth>3</depth>
	</size>
	<segmented>0</segmented>
	<object>
		<name>seals</name>
		<pose>Unspecified</pose>
		<truncated>0</truncated>
		<difficult>0</difficult>
		<bndbox>
			<xmin>320.0</xmin>
			<ymin>13.0</ymin>
			<xmax>430.0</xmax>
			<ymax>123.0</ymax>
		</bndbox>
	</object>
	<object>
		<name>seals</name>
		<pose>Unspecified</pose>
		<truncated>0</truncated>
		<difficult>0</difficult>
		<bndbox>
			<xmin>335.0</xmin>
			<ymin>28.0</ymin>
			<xmax>415.0</xmax>
			<ymax>108.0</ymax>
		</bndbox>
	</object>
	<object>
		<name>seals</name>
		<pose>Unspecified</pose>
		<truncated>0</truncated>
		<difficult>0</difficult>
		<bndbox>
			<xmin>345.0</xmin>
			<ymin>38.0</ymin>
			<xmax>405.0</xmax>
			<ymax>98.0</ymax>
		</bndbox>
	</object></annotation>