<annotation>
	<folder>seals</folder>
	<filename>282_84.jpg</filename>
	<source>
		<database>Source</database>
	</source>
	<size>
		<width>544</width>
		<height>544</height>
		<depth>3</depth>
	</size>
	<segmented>0</segmented>
	<object>
		<name>seals</name>
		<pose>Unspecified</pose>
		<truncated>0</truncated>
		<difficult>0</difficult>
		<bndbox>
			<xmin>293.0</xmin>
			<ymin>195.0</ymin>
			<xmax>403.0</xmax>
			<ymax>305.0</ymax>
		</bndbox>
	</object>
	<object>
		<name>seals</name>
		<pose>Unspecified</pose>
		<truncated>0</truncated>
		<difficult>0</difficult>
		<bndbox>
			<xmin>299.0</xmin>
			<ymin>149.0</ymin>
			<xmax>409.0</xmax>
			<ymax>259.0</ymax>
		</bndbox>
	</object>
	<object>
		<name>seals</name>
		<pose>Unspecified</pose>
		<truncated>0</truncated>
		<difficult>0</difficult>
		<bndbox>
			<xmin>305.0</xmin>
			<ymin>109.0</ymin>
			<xmax>415.0</xmax>
			<ymax>219.0</ymax>
		</bndbox>
	</object>
	<object>
		<name>seals</name>
		<pose>Unspecified</pose>
		<truncated>0</truncated>
		<difficult>0</difficult>
		<bndbox>
			<xmin>308.0</xmin>
			<ymin>210.0</ymin>
			<xmax>388.0</xmax>
			<ymax>290.0</ymax>
		</bndbox>
	</object>
	<object>
		<name>seals</name>
		<pose>Unspecified</pose>
		<truncated>0</truncated>
		<difficult>0</difficult>
		<bndbox>
			<xmin>314.0</xmin>
			<ymin>164.0</ymin>
			<xmax>394.0</xmax>
			<ymax>244.0</ymax>
		</bndbox>
	</object>
	<object>
		<name>seals</name>
		<pose>Unspecified</pose>
		<truncated>0</truncated>
		<difficult>0</difficult>
		<bndbox>
			<xmin>318.0</xmin>
			<ymin>220.0</ymin>
			<xmax>378.0</xmax>
			<ymax>280.0</ymax>
		</bndbox>
	</object>
	<object>
		<name>seals</name>
		<pose>Unspecified</pose>
		<truncated>0</truncated>
		<difficult>0</difficult>
		<bndbox>
			<xmin>320.0</xmin>
			<ymin>124.0</ymin>
			<xmax>400.0</xmax>
			<ymax>204.0</ymax>
		</bndbox>
	</object>
	<object>
		<name>seals</name>
		<pose>Unspecified</pose>
		<truncated>0</truncated>
		<difficult>0</difficult>
		<bndbox>
			<xmin>324.0</xmin>
			<ymin>174.0</ymin>
			<xmax>384.0</xmax>
			<ymax>234.0</ymax>
		</bndbox>
	</object>
	<object>
		<name>seals</name>
		<pose>Unspecified</pose>
		<truncated>0</truncated>
		<difficult>0</difficult>
		<bndbox>
			<xmin>330.0</xmin>
			<ymin>134.0</ymin>
			<xmax>390.0</xmax>
			<ymax>194.0</ymax>
		</bndbox>
	</object></annotation>