<annotation>
	<folder>seals</folder>
	<filename>289_44.jpg</filename>
	<source>
		<database>Source</database>
	</source>
	<size>
		<width>544</width>
		<height>544</height>
		<depth>3</depth>
	</size>
	<segmented>0</segmented>
	<object>
		<name>seals</name>
		<pose>Unspecified</pose>
		<truncated>0</truncated>
		<difficult>0</difficult>
		<bndbox>
			<xmin>0.1</xmin>
			<ymin>97.0</ymin>
			<xmax>98.1</xmax>
			<ymax>207.0</ymax>
		</bndbox>
	</object>
	<object>
		<name>seals</name>
		<pose>Unspecified</pose>
		<truncated>0</truncated>
		<difficult>0</difficult>
		<bndbox>
			<xmin>3.0</xmin>
			<ymin>112.0</ymin>
			<xmax>83.0</xmax>
			<ymax>192.0</ymax>
		</bndbox>
	</object>
	<object>
		<name>seals</name>
		<pose>Unspecified</pose>
		<truncated>0</truncated>
		<difficult>0</difficult>
		<bndbox>
			<xmin>13.0</xmin>
			<ymin>122.0</ymin>
			<xmax>73.0</xmax>
			<ymax>182.0</ymax>
		</bndbox>
	</object>
	<object>
		<name>seals</name>
		<pose>Unspecified</pose>
		<truncated>0</truncated>
		<difficult>0</difficult>
		<bndbox>
			<xmin>52.0</xmin>
			<ymin>111.0</ymin>
			<xmax>162.0</xmax>
			<ymax>221.0</ymax>
		</bndbox>
	</object>
	<object>
		<name>seals</name>
		<pose>Unspecified</pose>
		<truncated>0</truncated>
		<difficult>0</difficult>
		<bndbox>
			<xmin>67.0</xmin>
			<ymin>126.0</ymin>
			<xmax>147.0</xmax>
			<ymax>206.0</ymax>
		</bndbox>
	</object>
	<object>
		<name>seals</name>
		<pose>Unspecified</pose>
		<truncated>0</truncated>
		<difficult>0</difficult>
		<bndbox>
			<xmin>77.0</xmin>
			<ymin>136.0</ymin>
			<xmax>137.0</xmax>
			<ymax>196.0</ymax>
		</bndbox>
	</object>
	<object>
		<name>seals</name>
		<pose>Unspecified</pose>
		<truncated>0</truncated>
		<difficult>0</difficult>
		<bndbox>
			<xmin>78.0</xmin>
			<ymin>102.0</ymin>
			<xmax>188.0</xmax>
			<ymax>212.0</ymax>
		</bndbox>
	</object>
	<object>
		<name>seals</name>
		<pose>Unspecified</pose>
		<truncated>0</truncated>
		<difficult>0</difficult>
		<bndbox>
			<xmin>93.0</xmin>
			<ymin>117.0</ymin>
			<xmax>173.0</xmax>
			<ymax>197.0</ymax>
		</bndbox>
	</object>
	<object>
		<name>seals</name>
		<pose>Unspecified</pose>
		<truncated>0</truncated>
		<difficult>0</difficult>
		<bndbox>
			<xmin>103.0</xmin>
			<ymin>127.0</ymin>
			<xmax>163.0</xmax>
			<ymax>187.0</ymax>
		</bndbox>
	</object>
	<object>
		<name>seals</name>
		<pose>Unspecified</pose>
		<truncated>0</truncated>
		<difficult>0</difficult>
		<bndbox>
			<xmin>108.0</xmin>
			<ymin>57.0</ymin>
			<xmax>218.0</xmax>
			<ymax>167.0</ymax>
		</bndbox>
	</object>
	<object>
		<name>seals</name>
		<pose>Unspecified</pose>
		<truncated>0</truncated>
		<difficult>0</difficult>
		<bndbox>
			<xmin>115.0</xmin>
			<ymin>17.0</ymin>
			<xmax>225.0</xmax>
			<ymax>127.0</ymax>
		</bndbox>
	</object>
	<object>
		<name>seals</name>
		<pose>Unspecified</pose>
		<truncated>0</truncated>
		<difficult>0</difficult>
		<bndbox>
			<xmin>115.0</xmin>
			<ymin>77.0</ymin>
			<xmax>225.0</xmax>
			<ymax>187.0</ymax>
		</bndbox>
	</object>
	<object>
		<name>seals</name>
		<pose>Unspecified</pose>
		<truncated>0</truncated>
		<difficult>0</difficult>
		<bndbox>
			<xmin>123.0</xmin>
			<ymin>72.0</ymin>
			<xmax>203.0</xmax>
			<ymax>152.0</ymax>
		</bndbox>
	</object>
	<object>
		<name>seals</name>
		<pose>Unspecified</pose>
		<truncated>0</truncated>
		<difficult>0</difficult>
		<bndbox>
			<xmin>130.0</xmin>
			<ymin>32.0</ymin>
			<xmax>210.0</xmax>
			<ymax>112.0</ymax>
		</bndbox>
	</object>
	<object>
		<name>seals</name>
		<pose>Unspecified</pose>
		<truncated>0</truncated>
		<difficult>0</difficult>
		<bndbox>
			<xmin>130.0</xmin>
			<ymin>92.0</ymin>
			<xmax>210.0</xmax>
			<ymax>172.0</ymax>
		</bndbox>
	</object>
	<object>
		<name>seals</name>
		<pose>Unspecified</pose>
		<truncated>0</truncated>
		<difficult>0</difficult>
		<bndbox>
			<xmin>133.0</xmin>
			<ymin>82.0</ymin>
			<xmax>193.0</xmax>
			<ymax>142.0</ymax>
		</bndbox>
	</object>
	<object>
		<name>seals</name>
		<pose>Unspecified</pose>
		<truncated>0</truncated>
		<difficult>0</difficult>
		<bndbox>
			<xmin>134.0</xmin>
			<ymin>45.0</ymin>
			<xmax>244.0</xmax>
			<ymax>155.0</ymax>
		</bndbox>
	</object>
	<object>
		<name>seals</name>
		<pose>Unspecified</pose>
		<truncated>0</truncated>
		<difficult>0</difficult>
		<bndbox>
			<xmin>140.0</xmin>
			<ymin>42.0</ymin>
			<xmax>200.0</xmax>
			<ymax>102.0</ymax>
		</bndbox>
	</object>
	<object>
		<name>seals</name>
		<pose>Unspecified</pose>
		<truncated>0</truncated>
		<difficult>0</difficult>
		<bndbox>
			<xmin>140.0</xmin>
			<ymin>102.0</ymin>
			<xmax>200.0</xmax>
			<ymax>162.0</ymax>
		</bndbox>
	</object>
	<object>
		<name>seals</name>
		<pose>Unspecified</pose>
		<truncated>0</truncated>
		<difficult>0</difficult>
		<bndbox>
			<xmin>148.0</xmin>
			<ymin>54.0</ymin>
			<xmax>258.0</xmax>
			<ymax>164.0</ymax>
		</bndbox>
	</object>
	<object>
		<name>seals</name>
		<pose>Unspecified</pose>
		<truncated>0</truncated>
		<difficult>0</difficult>
		<bndbox>
			<xmin>149.0</xmin>
			<ymin>60.0</ymin>
			<xmax>229.0</xmax>
			<ymax>140.0</ymax>
		</bndbox>
	</object>
	<object>
		<name>seals</name>
		<pose>Unspecified</pose>
		<truncated>0</truncated>
		<difficult>0</difficult>
		<bndbox>
			<xmin>159.0</xmin>
			<ymin>70.0</ymin>
			<xmax>219.0</xmax>
			<ymax>130.0</ymax>
		</bndbox>
	</object>
	<object>
		<name>seals</name>
		<pose>Unspecified</pose>
		<truncated>0</truncated>
		<difficult>0</difficult>
		<bndbox>
			<xmin>163.0</xmin>
			<ymin>69.0</ymin>
			<xmax>243.0</xmax>
			<ymax>149.0</ymax>
		</bndbox>
	</object>
	<object>
		<name>seals</name>
		<pose>Unspecified</pose>
		<truncated>0</truncated>
		<difficult>0</difficult>
		<bndbox>
			<xmin>170.0</xmin>
			<ymin>11.0</ymin>
			<xmax>280.0</xmax>
			<ymax>121.0</ymax>
		</bndbox>
	</object>
	<object>
		<name>seals</name>
		<pose>Unspecified</pose>
		<truncated>0</truncated>
		<difficult>0</difficult>
		<bndbox>
			<xmin>173.0</xmin>
			<ymin>79.0</ymin>
			<xmax>233.0</xmax>
			<ymax>139.0</ymax>
		</bndbox>
	</object>
	<object>
		<name>seals</name>
		<pose>Unspecified</pose>
		<truncated>0</truncated>
		<difficult>0</difficult>
		<bndbox>
			<xmin>183.0</xmin>
			<ymin>0.1</ymin>
			<xmax>293.0</xmax>
			<ymax>108.1</ymax>
		</bndbox>
	</object>
	<object>
		<name>seals</name>
		<pose>Unspecified</pose>
		<truncated>0</truncated>
		<difficult>0</difficult>
		<bndbox>
			<xmin>185.0</xmin>
			<ymin>26.0</ymin>
			<xmax>265.0</xmax>
			<ymax>106.0</ymax>
		</bndbox>
	</object>
	<object>
		<name>seals</name>
		<pose>Unspecified</pose>
		<truncated>0</truncated>
		<difficult>0</difficult>
		<bndbox>
			<xmin>195.0</xmin>
			<ymin>36.0</ymin>
			<xmax>255.0</xmax>
			<ymax>96.0</ymax>
		</bndbox>
	</object>
	<object>
		<name>seals</name>
		<pose>Unspecified</pose>
		<truncated>0</truncated>
		<difficult>0</difficult>
		<bndbox>
			<xmin>198.0</xmin>
			<ymin>13.0</ymin>
			<xmax>278.0</xmax>
			<ymax>93.0</ymax>
		</bndbox>
	</object>
	<object>
		<name>seals</name>
		<pose>Unspecified</pose>
		<truncated>0</truncated>
		<difficult>0</difficult>
		<bndbox>
			<xmin>208.0</xmin>
			<ymin>23.0</ymin>
			<xmax>268.0</xmax>
			<ymax>83.0</ymax>
		</bndbox>
	</object></annotation>