<annotation>
	<folder>seals</folder>
	<filename>314_75.jpg</filename>
	<source>
		<database>Source</database>
	</source>
	<size>
		<width>544</width>
		<height>544</height>
		<depth>3</depth>
	</size>
	<segmented>0</segmented>
	<object>
		<name>seals</name>
		<pose>Unspecified</pose>
		<truncated>0</truncated>
		<difficult>0</difficult>
		<bndbox>
			<xmin>125.0</xmin>
			<ymin>0.1</ymin>
			<xmax>275.0</xmax>
			<ymax>116.1</ymax>
		</bndbox>
	</object>
	<object>
		<name>seals</name>
		<pose>Unspecified</pose>
		<truncated>0</truncated>
		<difficult>0</difficult>
		<bndbox>
			<xmin>145.0</xmin>
			<ymin>0.1</ymin>
			<xmax>255.0</xmax>
			<ymax>96.1</ymax>
		</bndbox>
	</object>
	<object>
		<name>seals</name>
		<pose>Unspecified</pose>
		<truncated>0</truncated>
		<difficult>0</difficult>
		<bndbox>
			<xmin>160.0</xmin>
			<ymin>1.0</ymin>
			<xmax>240.0</xmax>
			<ymax>81.0</ymax>
		</bndbox>
	</object></annotation>