<annotation>
	<folder>seals</folder>
	<filename>350_35.jpg</filename>
	<source>
		<database>Source</database>
	</source>
	<size>
		<width>544</width>
		<height>544</height>
		<depth>3</depth>
	</size>
	<segmented>0</segmented>
	<object>
		<name>seals</name>
		<pose>Unspecified</pose>
		<truncated>0</truncated>
		<difficult>0</difficult>
		<bndbox>
			<xmin>84.0</xmin>
			<ymin>37.0</ymin>
			<xmax>194.0</xmax>
			<ymax>147.0</ymax>
		</bndbox>
	</object>
	<object>
		<name>seals</name>
		<pose>Unspecified</pose>
		<truncated>0</truncated>
		<difficult>0</difficult>
		<bndbox>
			<xmin>99.0</xmin>
			<ymin>52.0</ymin>
			<xmax>179.0</xmax>
			<ymax>132.0</ymax>
		</bndbox>
	</object>
	<object>
		<name>seals</name>
		<pose>Unspecified</pose>
		<truncated>0</truncated>
		<difficult>0</difficult>
		<bndbox>
			<xmin>109.0</xmin>
			<ymin>62.0</ymin>
			<xmax>169.0</xmax>
			<ymax>122.0</ymax>
		</bndbox>
	</object></annotation>