<annotation>
	<folder>seals</folder>
	<filename>361_42.jpg</filename>
	<source>
		<database>Source</database>
	</source>
	<size>
		<width>544</width>
		<height>544</height>
		<depth>3</depth>
	</size>
	<segmented>0</segmented>
	<object>
		<name>seals</name>
		<pose>Unspecified</pose>
		<truncated>0</truncated>
		<difficult>0</difficult>
		<bndbox>
			<xmin>0.1</xmin>
			<ymin>213.0</ymin>
			<xmax>144.1</xmax>
			<ymax>363.0</ymax>
		</bndbox>
	</object>
	<object>
		<name>seals</name>
		<pose>Unspecified</pose>
		<truncated>0</truncated>
		<difficult>0</difficult>
		<bndbox>
			<xmin>14.0</xmin>
			<ymin>233.0</ymin>
			<xmax>124.0</xmax>
			<ymax>343.0</ymax>
		</bndbox>
	</object>
	<object>
		<name>seals</name>
		<pose>Unspecified</pose>
		<truncated>0</truncated>
		<difficult>0</difficult>
		<bndbox>
			<xmin>29.0</xmin>
			<ymin>248.0</ymin>
			<xmax>109.0</xmax>
			<ymax>328.0</ymax>
		</bndbox>
	</object>
	<object>
		<name>seals</name>
		<pose>Unspecified</pose>
		<truncated>0</truncated>
		<difficult>0</difficult>
		<bndbox>
			<xmin>127.0</xmin>
			<ymin>468.0</ymin>
			<xmax>237.0</xmax>
			<ymax>543.9</ymax>
		</bndbox>
	</object>
	<object>
		<name>seals</name>
		<pose>Unspecified</pose>
		<truncated>0</truncated>
		<difficult>0</difficult>
		<bndbox>
			<xmin>142.0</xmin>
			<ymin>483.0</ymin>
			<xmax>222.0</xmax>
			<ymax>543.9</ymax>
		</bndbox>
	</object>
	<object>
		<name>seals</name>
		<pose>Unspecified</pose>
		<truncated>0</truncated>
		<difficult>0</difficult>
		<bndbox>
			<xmin>152.0</xmin>
			<ymin>493.0</ymin>
			<xmax>212.0</xmax>
			<ymax>543.9</ymax>
		</bndbox>
	</object>
	<object>
		<name>seals</name>
		<pose>Unspecified</pose>
		<truncated>0</truncated>
		<difficult>0</difficult>
		<bndbox>
			<xmin>255.0</xmin>
			<ymin>234.0</ymin>
			<xmax>365.0</xmax>
			<ymax>344.0</ymax>
		</bndbox>
	</object>
	<object>
		<name>seals</name>
		<pose>Unspecified</pose>
		<truncated>0</truncated>
		<difficult>0</difficult>
		<bndbox>
			<xmin>270.0</xmin>
			<ymin>249.0</ymin>
			<xmax>350.0</xmax>
			<ymax>329.0</ymax>
		</bndbox>
	</object>
	<object>
		<name>seals</name>
		<pose>Unspecified</pose>
		<truncated>0</truncated>
		<difficult>0</difficult>
		<bndbox>
			<xmin>280.0</xmin>
			<ymin>259.0</ymin>
			<xmax>340.0</xmax>
			<ymax>319.0</ymax>
		</bndbox>
	</object>
	<object>
		<name>seals</name>
		<pose>Unspecified</pose>
		<truncated>0</truncated>
		<difficult>0</difficult>
		<bndbox>
			<xmin>281.0</xmin>
			<ymin>258.0</ymin>
			<xmax>391.0</xmax>
			<ymax>368.0</ymax>
		</bndbox>
	</object>
	<object>
		<name>seals</name>
		<pose>Unspecified</pose>
		<truncated>0</truncated>
		<difficult>0</difficult>
		<bndbox>
			<xmin>296.0</xmin>
			<ymin>273.0</ymin>
			<xmax>376.0</xmax>
			<ymax>353.0</ymax>
		</bndbox>
	</object>
	<object>
		<name>seals</name>
		<pose>Unspecified</pose>
		<truncated>0</truncated>
		<difficult>0</difficult>
		<bndbox>
			<xmin>299.0</xmin>
			<ymin>255.0</ymin>
			<xmax>409.0</xmax>
			<ymax>365.0</ymax>
		</bndbox>
	</object>
	<object>
		<name>seals</name>
		<pose>Unspecified</pose>
		<truncated>0</truncated>
		<difficult>0</difficult>
		<bndbox>
			<xmin>306.0</xmin>
			<ymin>283.0</ymin>
			<xmax>366.0</xmax>
			<ymax>343.0</ymax>
		</bndbox>
	</object>
	<object>
		<name>seals</name>
		<pose>Unspecified</pose>
		<truncated>0</truncated>
		<difficult>0</difficult>
		<bndbox>
			<xmin>314.0</xmin>
			<ymin>270.0</ymin>
			<xmax>394.0</xmax>
			<ymax>350.0</ymax>
		</bndbox>
	</object>
	<object>
		<name>seals</name>
		<pose>Unspecified</pose>
		<truncated>0</truncated>
		<difficult>0</difficult>
		<bndbox>
			<xmin>324.0</xmin>
			<ymin>280.0</ymin>
			<xmax>384.0</xmax>
			<ymax>340.0</ymax>
		</bndbox>
	</object>
	<object>
		<name>seals</name>
		<pose>Unspecified</pose>
		<truncated>0</truncated>
		<difficult>0</difficult>
		<bndbox>
			<xmin>347.0</xmin>
			<ymin>52.0</ymin>
			<xmax>457.0</xmax>
			<ymax>162.0</ymax>
		</bndbox>
	</object>
	<object>
		<name>seals</name>
		<pose>Unspecified</pose>
		<truncated>0</truncated>
		<difficult>0</difficult>
		<bndbox>
			<xmin>362.0</xmin>
			<ymin>67.0</ymin>
			<xmax>442.0</xmax>
			<ymax>147.0</ymax>
		</bndbox>
	</object>
	<object>
		<name>seals</name>
		<pose>Unspecified</pose>
		<truncated>0</truncated>
		<difficult>0</difficult>
		<bndbox>
			<xmin>372.0</xmin>
			<ymin>77.0</ymin>
			<xmax>432.0</xmax>
			<ymax>137.0</ymax>
		</bndbox>
	</object>
	<object>
		<name>seals</name>
		<pose>Unspecified</pose>
		<truncated>0</truncated>
		<difficult>0</difficult>
		<bndbox>
			<xmin>404.0</xmin>
			<ymin>449.0</ymin>
			<xmax>514.0</xmax>
			<ymax>543.9</ymax>
		</bndbox>
	</object>
	<object>
		<name>seals</name>
		<pose>Unspecified</pose>
		<truncated>0</truncated>
		<difficult>0</difficult>
		<bndbox>
			<xmin>416.0</xmin>
			<ymin>358.0</ymin>
			<xmax>526.0</xmax>
			<ymax>468.0</ymax>
		</bndbox>
	</object>
	<object>
		<name>seals</name>
		<pose>Unspecified</pose>
		<truncated>0</truncated>
		<difficult>0</difficult>
		<bndbox>
			<xmin>417.0</xmin>
			<ymin>0.1</ymin>
			<xmax>527.0</xmax>
			<ymax>65.1</ymax>
		</bndbox>
	</object>
	<object>
		<name>seals</name>
		<pose>Unspecified</pose>
		<truncated>0</truncated>
		<difficult>0</difficult>
		<bndbox>
			<xmin>419.0</xmin>
			<ymin>464.0</ymin>
			<xmax>499.0</xmax>
			<ymax>543.9</ymax>
		</bndbox>
	</object>
	<object>
		<name>seals</name>
		<pose>Unspecified</pose>
		<truncated>0</truncated>
		<difficult>0</difficult>
		<bndbox>
			<xmin>429.0</xmin>
			<ymin>474.0</ymin>
			<xmax>489.0</xmax>
			<ymax>534.0</ymax>
		</bndbox>
	</object>
	<object>
		<name>seals</name>
		<pose>Unspecified</pose>
		<truncated>0</truncated>
		<difficult>0</difficult>
		<bndbox>
			<xmin>431.0</xmin>
			<ymin>373.0</ymin>
			<xmax>511.0</xmax>
			<ymax>453.0</ymax>
		</bndbox>
	</object>
	<object>
		<name>seals</name>
		<pose>Unspecified</pose>
		<truncated>0</truncated>
		<difficult>0</difficult>
		<bndbox>
			<xmin>432.0</xmin>
			<ymin>0.1</ymin>
			<xmax>512.0</xmax>
			<ymax>50.1</ymax>
		</bndbox>
	</object>
	<object>
		<name>seals</name>
		<pose>Unspecified</pose>
		<truncated>0</truncated>
		<difficult>0</difficult>
		<bndbox>
			<xmin>441.0</xmin>
			<ymin>383.0</ymin>
			<xmax>501.0</xmax>
			<ymax>443.0</ymax>
		</bndbox>
	</object>
	<object>
		<name>seals</name>
		<pose>Unspecified</pose>
		<truncated>0</truncated>
		<difficult>0</difficult>
		<bndbox>
			<xmin>442.0</xmin>
			<ymin>0.1</ymin>
			<xmax>502.0</xmax>
			<ymax>40.1</ymax>
		</bndbox>
	</object></annotation>