<annotation>
	<folder>seals</folder>
	<filename>367_65.jpg</filename>
	<source>
		<database>Source</database>
	</source>
	<size>
		<width>544</width>
		<height>544</height>
		<depth>3</depth>
	</size>
	<segmented>0</segmented>
	<object>
		<name>seals</name>
		<pose>Unspecified</pose>
		<truncated>0</truncated>
		<difficult>0</difficult>
		<bndbox>
			<xmin>28.0</xmin>
			<ymin>0.1</ymin>
			<xmax>138.0</xmax>
			<ymax>58.1</ymax>
		</bndbox>
	</object>
	<object>
		<name>seals</name>
		<pose>Unspecified</pose>
		<truncated>0</truncated>
		<difficult>0</difficult>
		<bndbox>
			<xmin>33.0</xmin>
			<ymin>0.1</ymin>
			<xmax>143.0</xmax>
			<ymax>87.1</ymax>
		</bndbox>
	</object>
	<object>
		<name>seals</name>
		<pose>Unspecified</pose>
		<truncated>0</truncated>
		<difficult>0</difficult>
		<bndbox>
			<xmin>43.0</xmin>
			<ymin>0.1</ymin>
			<xmax>123.0</xmax>
			<ymax>43.1</ymax>
		</bndbox>
	</object>
	<object>
		<name>seals</name>
		<pose>Unspecified</pose>
		<truncated>0</truncated>
		<difficult>0</difficult>
		<bndbox>
			<xmin>48.0</xmin>
			<ymin>0.1</ymin>
			<xmax>128.0</xmax>
			<ymax>72.1</ymax>
		</bndbox>
	</object>
	<object>
		<name>seals</name>
		<pose>Unspecified</pose>
		<truncated>0</truncated>
		<difficult>0</difficult>
		<bndbox>
			<xmin>53.0</xmin>
			<ymin>0.1</ymin>
			<xmax>113.0</xmax>
			<ymax>33.1</ymax>
		</bndbox>
	</object>
	<object>
		<name>seals</name>
		<pose>Unspecified</pose>
		<truncated>0</truncated>
		<difficult>0</difficult>
		<bndbox>
			<xmin>58.0</xmin>
			<ymin>2.0</ymin>
			<xmax>118.0</xmax>
			<ymax>62.0</ymax>
		</bndbox>
	</object>
	<object>
		<name>seals</name>
		<pose>Unspecified</pose>
		<truncated>0</truncated>
		<difficult>0</difficult>
		<bndbox>
			<xmin>99.0</xmin>
			<ymin>0.1</ymin>
			<xmax>209.0</xmax>
			<ymax>97.1</ymax>
		</bndbox>
	</object>
	<object>
		<name>seals</name>
		<pose>Unspecified</pose>
		<truncated>0</truncated>
		<difficult>0</difficult>
		<bndbox>
			<xmin>114.0</xmin>
			<ymin>2.0</ymin>
			<xmax>194.0</xmax>
			<ymax>82.0</ymax>
		</bndbox>
	</object>
	<object>
		<name>seals</name>
		<pose>Unspecified</pose>
		<truncated>0</truncated>
		<difficult>0</difficult>
		<bndbox>
			<xmin>124.0</xmin>
			<ymin>12.0</ymin>
			<xmax>184.0</xmax>
			<ymax>72.0</ymax>
		</bndbox>
	</object></annotation>