<annotation>
	<folder>seals</folder>
	<filename>420_80.jpg</filename>
	<source>
		<database>Source</database>
	</source>
	<size>
		<width>544</width>
		<height>544</height>
		<depth>3</depth>
	</size>
	<segmented>0</segmented>
	<object>
		<name>seals</name>
		<pose>Unspecified</pose>
		<truncated>0</truncated>
		<difficult>0</difficult>
		<bndbox>
			<xmin>81.0</xmin>
			<ymin>325.0</ymin>
			<xmax>231.0</xmax>
			<ymax>475.0</ymax>
		</bndbox>
	</object>
	<object>
		<name>seals</name>
		<pose>Unspecified</pose>
		<truncated>0</truncated>
		<difficult>0</difficult>
		<bndbox>
			<xmin>101.0</xmin>
			<ymin>345.0</ymin>
			<xmax>211.0</xmax>
			<ymax>455.0</ymax>
		</bndbox>
	</object>
	<object>
		<name>seals</name>
		<pose>Unspecified</pose>
		<truncated>0</truncated>
		<difficult>0</difficult>
		<bndbox>
			<xmin>116.0</xmin>
			<ymin>360.0</ymin>
			<xmax>196.0</xmax>
			<ymax>440.0</ymax>
		</bndbox>
	</object></annotation>