<annotation>
	<folder>seals</folder>
	<filename>420_62.jpg</filename>
	<source>
		<database>Source</database>
	</source>
	<size>
		<width>544</width>
		<height>544</height>
		<depth>3</depth>
	</size>
	<segmented>0</segmented>
	<object>
		<name>seals</name>
		<pose>Unspecified</pose>
		<truncated>0</truncated>
		<difficult>0</difficult>
		<bndbox>
			<xmin>246.0</xmin>
			<ymin>0.1</ymin>
			<xmax>396.0</xmax>
			<ymax>89.1</ymax>
		</bndbox>
	</object>
	<object>
		<name>seals</name>
		<pose>Unspecified</pose>
		<truncated>0</truncated>
		<difficult>0</difficult>
		<bndbox>
			<xmin>266.0</xmin>
			<ymin>0.1</ymin>
			<xmax>376.0</xmax>
			<ymax>69.1</ymax>
		</bndbox>
	</object>
	<object>
		<name>seals</name>
		<pose>Unspecified</pose>
		<truncated>0</truncated>
		<difficult>0</difficult>
		<bndbox>
			<xmin>281.0</xmin>
			<ymin>0.1</ymin>
			<xmax>361.0</xmax>
			<ymax>54.1</ymax>
		</bndbox>
	</object></annotation>