<annotation>
	<folder>seals</folder>
	<filename>462_71.jpg</filename>
	<source>
		<database>Source</database>
	</source>
	<size>
		<width>544</width>
		<height>544</height>
		<depth>3</depth>
	</size>
	<segmented>0</segmented>
	<object>
		<name>seals</name>
		<pose>Unspecified</pose>
		<truncated>0</truncated>
		<difficult>0</difficult>
		<bndbox>
			<xmin>169.0</xmin>
			<ymin>375.0</ymin>
			<xmax>279.0</xmax>
			<ymax>485.0</ymax>
		</bndbox>
	</object>
	<object>
		<name>seals</name>
		<pose>Unspecified</pose>
		<truncated>0</truncated>
		<difficult>0</difficult>
		<bndbox>
			<xmin>184.0</xmin>
			<ymin>390.0</ymin>
			<xmax>264.0</xmax>
			<ymax>470.0</ymax>
		</bndbox>
	</object>
	<object>
		<name>seals</name>
		<pose>Unspecified</pose>
		<truncated>0</truncated>
		<difficult>0</difficult>
		<bndbox>
			<xmin>194.0</xmin>
			<ymin>400.0</ymin>
			<xmax>254.0</xmax>
			<ymax>460.0</ymax>
		</bndbox>
	</object>
	<object>
		<name>seals</name>
		<pose>Unspecified</pose>
		<truncated>0</truncated>
		<difficult>0</difficult>
		<bndbox>
			<xmin>266.0</xmin>
			<ymin>382.0</ymin>
			<xmax>376.0</xmax>
			<ymax>492.0</ymax>
		</bndbox>
	</object>
	<object>
		<name>seals</name>
		<pose>Unspecified</pose>
		<truncated>0</truncated>
		<difficult>0</difficult>
		<bndbox>
			<xmin>281.0</xmin>
			<ymin>397.0</ymin>
			<xmax>361.0</xmax>
			<ymax>477.0</ymax>
		</bndbox>
	</object>
	<object>
		<name>seals</name>
		<pose>Unspecified</pose>
		<truncated>0</truncated>
		<difficult>0</difficult>
		<bndbox>
			<xmin>291.0</xmin>
			<ymin>407.0</ymin>
			<xmax>351.0</xmax>
			<ymax>467.0</ymax>
		</bndbox>
	</object></annotation>