<annotation>
	<folder>seals</folder>
	<filename>484_52.jpg</filename>
	<source>
		<database>Source</database>
	</source>
	<size>
		<width>544</width>
		<height>544</height>
		<depth>3</depth>
	</size>
	<segmented>0</segmented>
	<object>
		<name>seals</name>
		<pose>Unspecified</pose>
		<truncated>0</truncated>
		<difficult>0</difficult>
		<bndbox>
			<xmin>124.0</xmin>
			<ymin>386.0</ymin>
			<xmax>234.0</xmax>
			<ymax>496.0</ymax>
		</bndbox>
	</object>
	<object>
		<name>seals</name>
		<pose>Unspecified</pose>
		<truncated>0</truncated>
		<difficult>0</difficult>
		<bndbox>
			<xmin>139.0</xmin>
			<ymin>401.0</ymin>
			<xmax>219.0</xmax>
			<ymax>481.0</ymax>
		</bndbox>
	</object>
	<object>
		<name>seals</name>
		<pose>Unspecified</pose>
		<truncated>0</truncated>
		<difficult>0</difficult>
		<bndbox>
			<xmin>149.0</xmin>
			<ymin>411.0</ymin>
			<xmax>209.0</xmax>
			<ymax>471.0</ymax>
		</bndbox>
	</object>
	<object>
		<name>seals</name>
		<pose>Unspecified</pose>
		<truncated>0</truncated>
		<difficult>0</difficult>
		<bndbox>
			<xmin>294.0</xmin>
			<ymin>328.0</ymin>
			<xmax>404.0</xmax>
			<ymax>438.0</ymax>
		</bndbox>
	</object>
	<object>
		<name>seals</name>
		<pose>Unspecified</pose>
		<truncated>0</truncated>
		<difficult>0</difficult>
		<bndbox>
			<xmin>309.0</xmin>
			<ymin>343.0</ymin>
			<xmax>389.0</xmax>
			<ymax>423.0</ymax>
		</bndbox>
	</object>
	<object>
		<name>seals</name>
		<pose>Unspecified</pose>
		<truncated>0</truncated>
		<difficult>0</difficult>
		<bndbox>
			<xmin>319.0</xmin>
			<ymin>353.0</ymin>
			<xmax>379.0</xmax>
			<ymax>413.0</ymax>
		</bndbox>
	</object></annotation>