<annotation>
	<folder>seals</folder>
	<filename>519_72.jpg</filename>
	<source>
		<database>Source</database>
	</source>
	<size>
		<width>544</width>
		<height>544</height>
		<depth>3</depth>
	</size>
	<segmented>0</segmented>
	<object>
		<name>seals</name>
		<pose>Unspecified</pose>
		<truncated>0</truncated>
		<difficult>0</difficult>
		<bndbox>
			<xmin>137.0</xmin>
			<ymin>98.0</ymin>
			<xmax>247.0</xmax>
			<ymax>208.0</ymax>
		</bndbox>
	</object>
	<object>
		<name>seals</name>
		<pose>Unspecified</pose>
		<truncated>0</truncated>
		<difficult>0</difficult>
		<bndbox>
			<xmin>152.0</xmin>
			<ymin>113.0</ymin>
			<xmax>232.0</xmax>
			<ymax>193.0</ymax>
		</bndbox>
	</object>
	<object>
		<name>seals</name>
		<pose>Unspecified</pose>
		<truncated>0</truncated>
		<difficult>0</difficult>
		<bndbox>
			<xmin>153.0</xmin>
			<ymin>23.0</ymin>
			<xmax>263.0</xmax>
			<ymax>133.0</ymax>
		</bndbox>
	</object>
	<object>
		<name>seals</name>
		<pose>Unspecified</pose>
		<truncated>0</truncated>
		<difficult>0</difficult>
		<bndbox>
			<xmin>162.0</xmin>
			<ymin>123.0</ymin>
			<xmax>222.0</xmax>
			<ymax>183.0</ymax>
		</bndbox>
	</object>
	<object>
		<name>seals</name>
		<pose>Unspecified</pose>
		<truncated>0</truncated>
		<difficult>0</difficult>
		<bndbox>
			<xmin>168.0</xmin>
			<ymin>38.0</ymin>
			<xmax>248.0</xmax>
			<ymax>118.0</ymax>
		</bndbox>
	</object>
	<object>
		<name>seals</name>
		<pose>Unspecified</pose>
		<truncated>0</truncated>
		<difficult>0</difficult>
		<bndbox>
			<xmin>178.0</xmin>
			<ymin>48.0</ymin>
			<xmax>238.0</xmax>
			<ymax>108.0</ymax>
		</bndbox>
	</object>
	<object>
		<name>seals</name>
		<pose>Unspecified</pose>
		<truncated>0</truncated>
		<difficult>0</difficult>
		<bndbox>
			<xmin>297.0</xmin>
			<ymin>149.0</ymin>
			<xmax>407.0</xmax>
			<ymax>259.0</ymax>
		</bndbox>
	</object>
	<object>
		<name>seals</name>
		<pose>Unspecified</pose>
		<truncated>0</truncated>
		<difficult>0</difficult>
		<bndbox>
			<xmin>312.0</xmin>
			<ymin>164.0</ymin>
			<xmax>392.0</xmax>
			<ymax>244.0</ymax>
		</bndbox>
	</object>
	<object>
		<name>seals</name>
		<pose>Unspecified</pose>
		<truncated>0</truncated>
		<difficult>0</difficult>
		<bndbox>
			<xmin>322.0</xmin>
			<ymin>174.0</ymin>
			<xmax>382.0</xmax>
			<ymax>234.0</ymax>
		</bndbox>
	</object>
	<object>
		<name>seals</name>
		<pose>Unspecified</pose>
		<truncated>0</truncated>
		<difficult>0</difficult>
		<bndbox>
			<xmin>335.0</xmin>
			<ymin>169.0</ymin>
			<xmax>445.0</xmax>
			<ymax>279.0</ymax>
		</bndbox>
	</object>
	<object>
		<name>seals</name>
		<pose>Unspecified</pose>
		<truncated>0</truncated>
		<difficult>0</difficult>
		<bndbox>
			<xmin>350.0</xmin>
			<ymin>184.0</ymin>
			<xmax>430.0</xmax>
			<ymax>264.0</ymax>
		</bndbox>
	</object>
	<object>
		<name>seals</name>
		<pose>Unspecified</pose>
		<truncated>0</truncated>
		<difficult>0</difficult>
		<bndbox>
			<xmin>358.0</xmin>
			<ymin>0.1</ymin>
			<xmax>468.0</xmax>
			<ymax>85.1</ymax>
		</bndbox>
	</object>
	<object>
		<name>seals</name>
		<pose>Unspecified</pose>
		<truncated>0</truncated>
		<difficult>0</difficult>
		<bndbox>
			<xmin>360.0</xmin>
			<ymin>194.0</ymin>
			<xmax>420.0</xmax>
			<ymax>254.0</ymax>
		</bndbox>
	</object>
	<object>
		<name>seals</name>
		<pose>Unspecified</pose>
		<truncated>0</truncated>
		<difficult>0</difficult>
		<bndbox>
			<xmin>369.0</xmin>
			<ymin>6.0</ymin>
			<xmax>519.0</xmax>
			<ymax>156.0</ymax>
		</bndbox>
	</object>
	<object>
		<name>seals</name>
		<pose>Unspecified</pose>
		<truncated>0</truncated>
		<difficult>0</difficult>
		<bndbox>
			<xmin>373.0</xmin>
			<ymin>0.1</ymin>
			<xmax>453.0</xmax>
			<ymax>70.1</ymax>
		</bndbox>
	</object>
	<object>
		<name>seals</name>
		<pose>Unspecified</pose>
		<truncated>0</truncated>
		<difficult>0</difficult>
		<bndbox>
			<xmin>383.0</xmin>
			<ymin>0.1</ymin>
			<xmax>443.0</xmax>
			<ymax>60.1</ymax>
		</bndbox>
	</object>
	<object>
		<name>seals</name>
		<pose>Unspecified</pose>
		<truncated>0</truncated>
		<difficult>0</difficult>
		<bndbox>
			<xmin>389.0</xmin>
			<ymin>26.0</ymin>
			<xmax>499.0</xmax>
			<ymax>136.0</ymax>
		</bndbox>
	</object>
	<object>
		<name>seals</name>
		<pose>Unspecified</pose>
		<truncated>0</truncated>
		<difficult>0</difficult>
		<bndbox>
			<xmin>404.0</xmin>
			<ymin>41.0</ymin>
			<xmax>484.0</xmax>
			<ymax>121.0</ymax>
		</bndbox>
	</object>
	<object>
		<name>seals</name>
		<pose>Unspecified</pose>
		<truncated>0</truncated>
		<difficult>0</difficult>
		<bndbox>
			<xmin>459.0</xmin>
			<ymin>204.0</ymin>
			<xmax>543.9</xmax>
			<ymax>314.0</ymax>
		</bndbox>
	</object>
	<object>
		<name>seals</name>
		<pose>Unspecified</pose>
		<truncated>0</truncated>
		<difficult>0</difficult>
		<bndbox>
			<xmin>474.0</xmin>
			<ymin>219.0</ymin>
			<xmax>543.9</xmax>
			<ymax>299.0</ymax>
		</bndbox>
	</object>
	<object>
		<name>seals</name>
		<pose>Unspecified</pose>
		<truncated>0</truncated>
		<difficult>0</difficult>
		<bndbox>
			<xmin>484.0</xmin>
			<ymin>229.0</ymin>
			<xmax>543.9</xmax>
			<ymax>289.0</ymax>
		</bndbox>
	</object></annotation>