<annotation>
	<folder>seals</folder>
	<filename>528_01.jpg</filename>
	<source>
		<database>Source</database>
	</source>
	<size>
		<width>544</width>
		<height>544</height>
		<depth>3</depth>
	</size>
	<segmented>0</segmented>
	<object>
		<name>seals</name>
		<pose>Unspecified</pose>
		<truncated>0</truncated>
		<difficult>0</difficult>
		<bndbox>
			<xmin>42.0</xmin>
			<ymin>98.0</ymin>
			<xmax>152.0</xmax>
			<ymax>208.0</ymax>
		</bndbox>
	</object>
	<object>
		<name>seals</name>
		<pose>Unspecified</pose>
		<truncated>0</truncated>
		<difficult>0</difficult>
		<bndbox>
			<xmin>57.0</xmin>
			<ymin>113.0</ymin>
			<xmax>137.0</xmax>
			<ymax>193.0</ymax>
		</bndbox>
	</object>
	<object>
		<name>seals</name>
		<pose>Unspecified</pose>
		<truncated>0</truncated>
		<difficult>0</difficult>
		<bndbox>
			<xmin>67.0</xmin>
			<ymin>123.0</ymin>
			<xmax>127.0</xmax>
			<ymax>183.0</ymax>
		</bndbox>
	</object>
	<object>
		<name>seals</name>
		<pose>Unspecified</pose>
		<truncated>0</truncated>
		<difficult>0</difficult>
		<bndbox>
			<xmin>102.0</xmin>
			<ymin>402.0</ymin>
			<xmax>212.0</xmax>
			<ymax>512.0</ymax>
		</bndbox>
	</object>
	<object>
		<name>seals</name>
		<pose>Unspecified</pose>
		<truncated>0</truncated>
		<difficult>0</difficult>
		<bndbox>
			<xmin>105.0</xmin>
			<ymin>27.0</ymin>
			<xmax>215.0</xmax>
			<ymax>137.0</ymax>
		</bndbox>
	</object>
	<object>
		<name>seals</name>
		<pose>Unspecified</pose>
		<truncated>0</truncated>
		<difficult>0</difficult>
		<bndbox>
			<xmin>117.0</xmin>
			<ymin>417.0</ymin>
			<xmax>197.0</xmax>
			<ymax>497.0</ymax>
		</bndbox>
	</object>
	<object>
		<name>seals</name>
		<pose>Unspecified</pose>
		<truncated>0</truncated>
		<difficult>0</difficult>
		<bndbox>
			<xmin>120.0</xmin>
			<ymin>42.0</ymin>
			<xmax>200.0</xmax>
			<ymax>122.0</ymax>
		</bndbox>
	</object>
	<object>
		<name>seals</name>
		<pose>Unspecified</pose>
		<truncated>0</truncated>
		<difficult>0</difficult>
		<bndbox>
			<xmin>127.0</xmin>
			<ymin>427.0</ymin>
			<xmax>187.0</xmax>
			<ymax>487.0</ymax>
		</bndbox>
	</object>
	<object>
		<name>seals</name>
		<pose>Unspecified</pose>
		<truncated>0</truncated>
		<difficult>0</difficult>
		<bndbox>
			<xmin>130.0</xmin>
			<ymin>52.0</ymin>
			<xmax>190.0</xmax>
			<ymax>112.0</ymax>
		</bndbox>
	</object>
	<object>
		<name>seals</name>
		<pose>Unspecified</pose>
		<truncated>0</truncated>
		<difficult>0</difficult>
		<bndbox>
			<xmin>175.0</xmin>
			<ymin>167.0</ymin>
			<xmax>285.0</xmax>
			<ymax>277.0</ymax>
		</bndbox>
	</object>
	<object>
		<name>seals</name>
		<pose>Unspecified</pose>
		<truncated>0</truncated>
		<difficult>0</difficult>
		<bndbox>
			<xmin>190.0</xmin>
			<ymin>182.0</ymin>
			<xmax>270.0</xmax>
			<ymax>262.0</ymax>
		</bndbox>
	</object>
	<object>
		<name>seals</name>
		<pose>Unspecified</pose>
		<truncated>0</truncated>
		<difficult>0</difficult>
		<bndbox>
			<xmin>200.0</xmin>
			<ymin>192.0</ymin>
			<xmax>260.0</xmax>
			<ymax>252.0</ymax>
		</bndbox>
	</object>
	<object>
		<name>seals</name>
		<pose>Unspecified</pose>
		<truncated>0</truncated>
		<difficult>0</difficult>
		<bndbox>
			<xmin>236.0</xmin>
			<ymin>386.0</ymin>
			<xmax>346.0</xmax>
			<ymax>496.0</ymax>
		</bndbox>
	</object>
	<object>
		<name>seals</name>
		<pose>Unspecified</pose>
		<truncated>0</truncated>
		<difficult>0</difficult>
		<bndbox>
			<xmin>251.0</xmin>
			<ymin>401.0</ymin>
			<xmax>331.0</xmax>
			<ymax>481.0</ymax>
		</bndbox>
	</object>
	<object>
		<name>seals</name>
		<pose>Unspecified</pose>
		<truncated>0</truncated>
		<difficult>0</difficult>
		<bndbox>
			<xmin>261.0</xmin>
			<ymin>411.0</ymin>
			<xmax>321.0</xmax>
			<ymax>471.0</ymax>
		</bndbox>
	</object>
	<object>
		<name>seals</name>
		<pose>Unspecified</pose>
		<truncated>0</truncated>
		<difficult>0</difficult>
		<bndbox>
			<xmin>275.0</xmin>
			<ymin>214.0</ymin>
			<xmax>385.0</xmax>
			<ymax>324.0</ymax>
		</bndbox>
	</object>
	<object>
		<name>seals</name>
		<pose>Unspecified</pose>
		<truncated>0</truncated>
		<difficult>0</difficult>
		<bndbox>
			<xmin>278.0</xmin>
			<ymin>301.0</ymin>
			<xmax>388.0</xmax>
			<ymax>411.0</ymax>
		</bndbox>
	</object>
	<object>
		<name>seals</name>
		<pose>Unspecified</pose>
		<truncated>0</truncated>
		<difficult>0</difficult>
		<bndbox>
			<xmin>290.0</xmin>
			<ymin>229.0</ymin>
			<xmax>370.0</xmax>
			<ymax>309.0</ymax>
		</bndbox>
	</object>
	<object>
		<name>seals</name>
		<pose>Unspecified</pose>
		<truncated>0</truncated>
		<difficult>0</difficult>
		<bndbox>
			<xmin>292.0</xmin>
			<ymin>130.0</ymin>
			<xmax>402.0</xmax>
			<ymax>240.0</ymax>
		</bndbox>
	</object>
	<object>
		<name>seals</name>
		<pose>Unspecified</pose>
		<truncated>0</truncated>
		<difficult>0</difficult>
		<bndbox>
			<xmin>293.0</xmin>
			<ymin>316.0</ymin>
			<xmax>373.0</xmax>
			<ymax>396.0</ymax>
		</bndbox>
	</object>
	<object>
		<name>seals</name>
		<pose>Unspecified</pose>
		<truncated>0</truncated>
		<difficult>0</difficult>
		<bndbox>
			<xmin>300.0</xmin>
			<ymin>239.0</ymin>
			<xmax>360.0</xmax>
			<ymax>299.0</ymax>
		</bndbox>
	</object>
	<object>
		<name>seals</name>
		<pose>Unspecified</pose>
		<truncated>0</truncated>
		<difficult>0</difficult>
		<bndbox>
			<xmin>303.0</xmin>
			<ymin>326.0</ymin>
			<xmax>363.0</xmax>
			<ymax>386.0</ymax>
		</bndbox>
	</object>
	<object>
		<name>seals</name>
		<pose>Unspecified</pose>
		<truncated>0</truncated>
		<difficult>0</difficult>
		<bndbox>
			<xmin>307.0</xmin>
			<ymin>145.0</ymin>
			<xmax>387.0</xmax>
			<ymax>225.0</ymax>
		</bndbox>
	</object>
	<object>
		<name>seals</name>
		<pose>Unspecified</pose>
		<truncated>0</truncated>
		<difficult>0</difficult>
		<bndbox>
			<xmin>317.0</xmin>
			<ymin>155.0</ymin>
			<xmax>377.0</xmax>
			<ymax>215.0</ymax>
		</bndbox>
	</object>
	<object>
		<name>seals</name>
		<pose>Unspecified</pose>
		<truncated>0</truncated>
		<difficult>0</difficult>
		<bndbox>
			<xmin>359.0</xmin>
			<ymin>191.0</ymin>
			<xmax>469.0</xmax>
			<ymax>301.0</ymax>
		</bndbox>
	</object>
	<object>
		<name>seals</name>
		<pose>Unspecified</pose>
		<truncated>0</truncated>
		<difficult>0</difficult>
		<bndbox>
			<xmin>366.0</xmin>
			<ymin>438.0</ymin>
			<xmax>476.0</xmax>
			<ymax>543.9</ymax>
		</bndbox>
	</object>
	<object>
		<name>seals</name>
		<pose>Unspecified</pose>
		<truncated>0</truncated>
		<difficult>0</difficult>
		<bndbox>
			<xmin>374.0</xmin>
			<ymin>206.0</ymin>
			<xmax>454.0</xmax>
			<ymax>286.0</ymax>
		</bndbox>
	</object>
	<object>
		<name>seals</name>
		<pose>Unspecified</pose>
		<truncated>0</truncated>
		<difficult>0</difficult>
		<bndbox>
			<xmin>380.0</xmin>
			<ymin>97.0</ymin>
			<xmax>490.0</xmax>
			<ymax>207.0</ymax>
		</bndbox>
	</object>
	<object>
		<name>seals</name>
		<pose>Unspecified</pose>
		<truncated>0</truncated>
		<difficult>0</difficult>
		<bndbox>
			<xmin>381.0</xmin>
			<ymin>453.0</ymin>
			<xmax>461.0</xmax>
			<ymax>533.0</ymax>
		</bndbox>
	</object>
	<object>
		<name>seals</name>
		<pose>Unspecified</pose>
		<truncated>0</truncated>
		<difficult>0</difficult>
		<bndbox>
			<xmin>384.0</xmin>
			<ymin>216.0</ymin>
			<xmax>444.0</xmax>
			<ymax>276.0</ymax>
		</bndbox>
	</object>
	<object>
		<name>seals</name>
		<pose>Unspecified</pose>
		<truncated>0</truncated>
		<difficult>0</difficult>
		<bndbox>
			<xmin>391.0</xmin>
			<ymin>463.0</ymin>
			<xmax>451.0</xmax>
			<ymax>523.0</ymax>
		</bndbox>
	</object>
	<object>
		<name>seals</name>
		<pose>Unspecified</pose>
		<truncated>0</truncated>
		<difficult>0</difficult>
		<bndbox>
			<xmin>395.0</xmin>
			<ymin>112.0</ymin>
			<xmax>475.0</xmax>
			<ymax>192.0</ymax>
		</bndbox>
	</object>
	<object>
		<name>seals</name>
		<pose>Unspecified</pose>
		<truncated>0</truncated>
		<difficult>0</difficult>
		<bndbox>
			<xmin>405.0</xmin>
			<ymin>122.0</ymin>
			<xmax>465.0</xmax>
			<ymax>182.0</ymax>
		</bndbox>
	</object>
	<object>
		<name>seals</name>
		<pose>Unspecified</pose>
		<truncated>0</truncated>
		<difficult>0</difficult>
		<bndbox>
			<xmin>432.0</xmin>
			<ymin>135.0</ymin>
			<xmax>542.0</xmax>
			<ymax>245.0</ymax>
		</bndbox>
	</object>
	<object>
		<name>seals</name>
		<pose>Unspecified</pose>
		<truncated>0</truncated>
		<difficult>0</difficult>
		<bndbox>
			<xmin>447.0</xmin>
			<ymin>150.0</ymin>
			<xmax>527.0</xmax>
			<ymax>230.0</ymax>
		</bndbox>
	</object>
	<object>
		<name>seals</name>
		<pose>Unspecified</pose>
		<truncated>0</truncated>
		<difficult>0</difficult>
		<bndbox>
			<xmin>457.0</xmin>
			<ymin>160.0</ymin>
			<xmax>517.0</xmax>
			<ymax>220.0</ymax>
		</bndbox>
	</object></annotation>