<annotation>
	<folder>seals</folder>
	<filename>561_60.jpg</filename>
	<source>
		<database>Source</database>
	</source>
	<size>
		<width>544</width>
		<height>544</height>
		<depth>3</depth>
	</size>
	<segmented>0</segmented>
	<object>
		<name>seals</name>
		<pose>Unspecified</pose>
		<truncated>0</truncated>
		<difficult>0</difficult>
		<bndbox>
			<xmin>34.0</xmin>
			<ymin>394.0</ymin>
			<xmax>144.0</xmax>
			<ymax>504.0</ymax>
		</bndbox>
	</object>
	<object>
		<name>seals</name>
		<pose>Unspecified</pose>
		<truncated>0</truncated>
		<difficult>0</difficult>
		<bndbox>
			<xmin>49.0</xmin>
			<ymin>409.0</ymin>
			<xmax>129.0</xmax>
			<ymax>489.0</ymax>
		</bndbox>
	</object>
	<object>
		<name>seals</name>
		<pose>Unspecified</pose>
		<truncated>0</truncated>
		<difficult>0</difficult>
		<bndbox>
			<xmin>59.0</xmin>
			<ymin>419.0</ymin>
			<xmax>119.0</xmax>
			<ymax>479.0</ymax>
		</bndbox>
	</object></annotation>