<annotation>
	<folder>seals</folder>
	<filename>565_55.jpg</filename>
	<source>
		<database>Source</database>
	</source>
	<size>
		<width>544</width>
		<height>544</height>
		<depth>3</depth>
	</size>
	<segmented>0</segmented>
	<object>
		<name>seals</name>
		<pose>Unspecified</pose>
		<truncated>0</truncated>
		<difficult>0</difficult>
		<bndbox>
			<xmin>391.0</xmin>
			<ymin>0.1</ymin>
			<xmax>501.0</xmax>
			<ymax>74.1</ymax>
		</bndbox>
	</object>
	<object>
		<name>seals</name>
		<pose>Unspecified</pose>
		<truncated>0</truncated>
		<difficult>0</difficult>
		<bndbox>
			<xmin>398.0</xmin>
			<ymin>0.1</ymin>
			<xmax>508.0</xmax>
			<ymax>57.1</ymax>
		</bndbox>
	</object>
	<object>
		<name>seals</name>
		<pose>Unspecified</pose>
		<truncated>0</truncated>
		<difficult>0</difficult>
		<bndbox>
			<xmin>406.0</xmin>
			<ymin>0.1</ymin>
			<xmax>486.0</xmax>
			<ymax>59.1</ymax>
		</bndbox>
	</object>
	<object>
		<name>seals</name>
		<pose>Unspecified</pose>
		<truncated>0</truncated>
		<difficult>0</difficult>
		<bndbox>
			<xmin>413.0</xmin>
			<ymin>0.1</ymin>
			<xmax>493.0</xmax>
			<ymax>42.1</ymax>
		</bndbox>
	</object>
	<object>
		<name>seals</name>
		<pose>Unspecified</pose>
		<truncated>0</truncated>
		<difficult>0</difficult>
		<bndbox>
			<xmin>416.0</xmin>
			<ymin>0.1</ymin>
			<xmax>476.0</xmax>
			<ymax>49.1</ymax>
		</bndbox>
	</object>
	<object>
		<name>seals</name>
		<pose>Unspecified</pose>
		<truncated>0</truncated>
		<difficult>0</difficult>
		<bndbox>
			<xmin>423.0</xmin>
			<ymin>0.1</ymin>
			<xmax>483.0</xmax>
			<ymax>32.1</ymax>
		</bndbox>
	</object></annotation>