<annotation>
	<folder>seals</folder>
	<filename>628_35.jpg</filename>
	<source>
		<database>Source</database>
	</source>
	<size>
		<width>544</width>
		<height>544</height>
		<depth>3</depth>
	</size>
	<segmented>0</segmented>
	<object>
		<name>seals</name>
		<pose>Unspecified</pose>
		<truncated>0</truncated>
		<difficult>0</difficult>
		<bndbox>
			<xmin>54.0</xmin>
			<ymin>12.0</ymin>
			<xmax>164.0</xmax>
			<ymax>122.0</ymax>
		</bndbox>
	</object>
	<object>
		<name>seals</name>
		<pose>Unspecified</pose>
		<truncated>0</truncated>
		<difficult>0</difficult>
		<bndbox>
			<xmin>69.0</xmin>
			<ymin>27.0</ymin>
			<xmax>149.0</xmax>
			<ymax>107.0</ymax>
		</bndbox>
	</object>
	<object>
		<name>seals</name>
		<pose>Unspecified</pose>
		<truncated>0</truncated>
		<difficult>0</difficult>
		<bndbox>
			<xmin>79.0</xmin>
			<ymin>37.0</ymin>
			<xmax>139.0</xmax>
			<ymax>97.0</ymax>
		</bndbox>
	</object></annotation>