<annotation>
	<folder>seals</folder>
	<filename>640_51.jpg</filename>
	<source>
		<database>Source</database>
	</source>
	<size>
		<width>544</width>
		<height>544</height>
		<depth>3</depth>
	</size>
	<segmented>0</segmented>
	<object>
		<name>seals</name>
		<pose>Unspecified</pose>
		<truncated>0</truncated>
		<difficult>0</difficult>
		<bndbox>
			<xmin>196.0</xmin>
			<ymin>82.0</ymin>
			<xmax>346.0</xmax>
			<ymax>232.0</ymax>
		</bndbox>
	</object>
	<object>
		<name>seals</name>
		<pose>Unspecified</pose>
		<truncated>0</truncated>
		<difficult>0</difficult>
		<bndbox>
			<xmin>216.0</xmin>
			<ymin>102.0</ymin>
			<xmax>326.0</xmax>
			<ymax>212.0</ymax>
		</bndbox>
	</object>
	<object>
		<name>seals</name>
		<pose>Unspecified</pose>
		<truncated>0</truncated>
		<difficult>0</difficult>
		<bndbox>
			<xmin>231.0</xmin>
			<ymin>117.0</ymin>
			<xmax>311.0</xmax>
			<ymax>197.0</ymax>
		</bndbox>
	</object></annotation>