<annotation>
	<folder>seals</folder>
	<filename>67_12.jpg</filename>
	<source>
		<database>Source</database>
	</source>
	<size>
		<width>544</width>
		<height>544</height>
		<depth>3</depth>
	</size>
	<segmented>0</segmented>
	<object>
		<name>seals</name>
		<pose>Unspecified</pose>
		<truncated>0</truncated>
		<difficult>0</difficult>
		<bndbox>
			<xmin>40.0</xmin>
			<ymin>0.1</ymin>
			<xmax>150.0</xmax>
			<ymax>101.1</ymax>
		</bndbox>
	</object>
	<object>
		<name>seals</name>
		<pose>Unspecified</pose>
		<truncated>0</truncated>
		<difficult>0</difficult>
		<bndbox>
			<xmin>55.0</xmin>
			<ymin>6.0</ymin>
			<xmax>135.0</xmax>
			<ymax>86.0</ymax>
		</bndbox>
	</object>
	<object>
		<name>seals</name>
		<pose>Unspecified</pose>
		<truncated>0</truncated>
		<difficult>0</difficult>
		<bndbox>
			<xmin>65.0</xmin>
			<ymin>16.0</ymin>
			<xmax>125.0</xmax>
			<ymax>76.0</ymax>
		</bndbox>
	</object></annotation>