<annotation>
	<folder>seals</folder>
	<filename>728_50.jpg</filename>
	<source>
		<database>Source</database>
	</source>
	<size>
		<width>544</width>
		<height>544</height>
		<depth>3</depth>
	</size>
	<segmented>0</segmented>
	<object>
		<name>seals</name>
		<pose>Unspecified</pose>
		<truncated>0</truncated>
		<difficult>0</difficult>
		<bndbox>
			<xmin>106.0</xmin>
			<ymin>48.0</ymin>
			<xmax>216.0</xmax>
			<ymax>158.0</ymax>
		</bndbox>
	</object>
	<object>
		<name>seals</name>
		<pose>Unspecified</pose>
		<truncated>0</truncated>
		<difficult>0</difficult>
		<bndbox>
			<xmin>121.0</xmin>
			<ymin>63.0</ymin>
			<xmax>201.0</xmax>
			<ymax>143.0</ymax>
		</bndbox>
	</object>
	<object>
		<name>seals</name>
		<pose>Unspecified</pose>
		<truncated>0</truncated>
		<difficult>0</difficult>
		<bndbox>
			<xmin>131.0</xmin>
			<ymin>73.0</ymin>
			<xmax>191.0</xmax>
			<ymax>133.0</ymax>
		</bndbox>
	</object></annotation>