<annotation>
	<folder>seals</folder>
	<filename>747_31.jpg</filename>
	<source>
		<database>Source</database>
	</source>
	<size>
		<width>544</width>
		<height>544</height>
		<depth>3</depth>
	</size>
	<segmented>0</segmented>
	<object>
		<name>seals</name>
		<pose>Unspecified</pose>
		<truncated>0</truncated>
		<difficult>0</difficult>
		<bndbox>
			<xmin>0.1</xmin>
			<ymin>325.0</ymin>
			<xmax>109.1</xmax>
			<ymax>435.0</ymax>
		</bndbox>
	</object>
	<object>
		<name>seals</name>
		<pose>Unspecified</pose>
		<truncated>0</truncated>
		<difficult>0</difficult>
		<bndbox>
			<xmin>0.1</xmin>
			<ymin>369.0</ymin>
			<xmax>56.1</xmax>
			<ymax>479.0</ymax>
		</bndbox>
	</object>
	<object>
		<name>seals</name>
		<pose>Unspecified</pose>
		<truncated>0</truncated>
		<difficult>0</difficult>
		<bndbox>
			<xmin>0.1</xmin>
			<ymin>384.0</ymin>
			<xmax>41.1</xmax>
			<ymax>464.0</ymax>
		</bndbox>
	</object>
	<object>
		<name>seals</name>
		<pose>Unspecified</pose>
		<truncated>0</truncated>
		<difficult>0</difficult>
		<bndbox>
			<xmin>0.1</xmin>
			<ymin>394.0</ymin>
			<xmax>31.1</xmax>
			<ymax>454.0</ymax>
		</bndbox>
	</object>
	<object>
		<name>seals</name>
		<pose>Unspecified</pose>
		<truncated>0</truncated>
		<difficult>0</difficult>
		<bndbox>
			<xmin>0.1</xmin>
			<ymin>417.0</ymin>
			<xmax>90.1</xmax>
			<ymax>527.0</ymax>
		</bndbox>
	</object>
	<object>
		<name>seals</name>
		<pose>Unspecified</pose>
		<truncated>0</truncated>
		<difficult>0</difficult>
		<bndbox>
			<xmin>0.1</xmin>
			<ymin>432.0</ymin>
			<xmax>75.1</xmax>
			<ymax>512.0</ymax>
		</bndbox>
	</object>
	<object>
		<name>seals</name>
		<pose>Unspecified</pose>
		<truncated>0</truncated>
		<difficult>0</difficult>
		<bndbox>
			<xmin>0.1</xmin>
			<ymin>476.0</ymin>
			<xmax>93.1</xmax>
			<ymax>543.9</ymax>
		</bndbox>
	</object>
	<object>
		<name>seals</name>
		<pose>Unspecified</pose>
		<truncated>0</truncated>
		<difficult>0</difficult>
		<bndbox>
			<xmin>0.1</xmin>
			<ymin>491.0</ymin>
			<xmax>78.1</xmax>
			<ymax>543.9</ymax>
		</bndbox>
	</object>
	<object>
		<name>seals</name>
		<pose>Unspecified</pose>
		<truncated>0</truncated>
		<difficult>0</difficult>
		<bndbox>
			<xmin>5.0</xmin>
			<ymin>442.0</ymin>
			<xmax>65.0</xmax>
			<ymax>502.0</ymax>
		</bndbox>
	</object>
	<object>
		<name>seals</name>
		<pose>Unspecified</pose>
		<truncated>0</truncated>
		<difficult>0</difficult>
		<bndbox>
			<xmin>8.0</xmin>
			<ymin>501.0</ymin>
			<xmax>68.0</xmax>
			<ymax>543.9</ymax>
		</bndbox>
	</object>
	<object>
		<name>seals</name>
		<pose>Unspecified</pose>
		<truncated>0</truncated>
		<difficult>0</difficult>
		<bndbox>
			<xmin>14.0</xmin>
			<ymin>340.0</ymin>
			<xmax>94.0</xmax>
			<ymax>420.0</ymax>
		</bndbox>
	</object>
	<object>
		<name>seals</name>
		<pose>Unspecified</pose>
		<truncated>0</truncated>
		<difficult>0</difficult>
		<bndbox>
			<xmin>24.0</xmin>
			<ymin>350.0</ymin>
			<xmax>84.0</xmax>
			<ymax>410.0</ymax>
		</bndbox>
	</object>
	<object>
		<name>seals</name>
		<pose>Unspecified</pose>
		<truncated>0</truncated>
		<difficult>0</difficult>
		<bndbox>
			<xmin>55.0</xmin>
			<ymin>50.0</ymin>
			<xmax>165.0</xmax>
			<ymax>160.0</ymax>
		</bndbox>
	</object>
	<object>
		<name>seals</name>
		<pose>Unspecified</pose>
		<truncated>0</truncated>
		<difficult>0</difficult>
		<bndbox>
			<xmin>57.0</xmin>
			<ymin>285.0</ymin>
			<xmax>167.0</xmax>
			<ymax>395.0</ymax>
		</bndbox>
	</object>
	<object>
		<name>seals</name>
		<pose>Unspecified</pose>
		<truncated>0</truncated>
		<difficult>0</difficult>
		<bndbox>
			<xmin>67.0</xmin>
			<ymin>384.0</ymin>
			<xmax>177.0</xmax>
			<ymax>494.0</ymax>
		</bndbox>
	</object>
	<object>
		<name>seals</name>
		<pose>Unspecified</pose>
		<truncated>0</truncated>
		<difficult>0</difficult>
		<bndbox>
			<xmin>70.0</xmin>
			<ymin>65.0</ymin>
			<xmax>150.0</xmax>
			<ymax>145.0</ymax>
		</bndbox>
	</object>
	<object>
		<name>seals</name>
		<pose>Unspecified</pose>
		<truncated>0</truncated>
		<difficult>0</difficult>
		<bndbox>
			<xmin>72.0</xmin>
			<ymin>300.0</ymin>
			<xmax>152.0</xmax>
			<ymax>380.0</ymax>
		</bndbox>
	</object>
	<object>
		<name>seals</name>
		<pose>Unspecified</pose>
		<truncated>0</truncated>
		<difficult>0</difficult>
		<bndbox>
			<xmin>80.0</xmin>
			<ymin>75.0</ymin>
			<xmax>140.0</xmax>
			<ymax>135.0</ymax>
		</bndbox>
	</object>
	<object>
		<name>seals</name>
		<pose>Unspecified</pose>
		<truncated>0</truncated>
		<difficult>0</difficult>
		<bndbox>
			<xmin>82.0</xmin>
			<ymin>310.0</ymin>
			<xmax>142.0</xmax>
			<ymax>370.0</ymax>
		</bndbox>
	</object>
	<object>
		<name>seals</name>
		<pose>Unspecified</pose>
		<truncated>0</truncated>
		<difficult>0</difficult>
		<bndbox>
			<xmin>82.0</xmin>
			<ymin>399.0</ymin>
			<xmax>162.0</xmax>
			<ymax>479.0</ymax>
		</bndbox>
	</object>
	<object>
		<name>seals</name>
		<pose>Unspecified</pose>
		<truncated>0</truncated>
		<difficult>0</difficult>
		<bndbox>
			<xmin>92.0</xmin>
			<ymin>193.0</ymin>
			<xmax>202.0</xmax>
			<ymax>303.0</ymax>
		</bndbox>
	</object>
	<object>
		<name>seals</name>
		<pose>Unspecified</pose>
		<truncated>0</truncated>
		<difficult>0</difficult>
		<bndbox>
			<xmin>92.0</xmin>
			<ymin>409.0</ymin>
			<xmax>152.0</xmax>
			<ymax>469.0</ymax>
		</bndbox>
	</object>
	<object>
		<name>seals</name>
		<pose>Unspecified</pose>
		<truncated>0</truncated>
		<difficult>0</difficult>
		<bndbox>
			<xmin>103.0</xmin>
			<ymin>34.0</ymin>
			<xmax>213.0</xmax>
			<ymax>144.0</ymax>
		</bndbox>
	</object>
	<object>
		<name>seals</name>
		<pose>Unspecified</pose>
		<truncated>0</truncated>
		<difficult>0</difficult>
		<bndbox>
			<xmin>107.0</xmin>
			<ymin>208.0</ymin>
			<xmax>187.0</xmax>
			<ymax>288.0</ymax>
		</bndbox>
	</object>
	<object>
		<name>seals</name>
		<pose>Unspecified</pose>
		<truncated>0</truncated>
		<difficult>0</difficult>
		<bndbox>
			<xmin>112.0</xmin>
			<ymin>267.0</ymin>
			<xmax>222.0</xmax>
			<ymax>377.0</ymax>
		</bndbox>
	</object>
	<object>
		<name>seals</name>
		<pose>Unspecified</pose>
		<truncated>0</truncated>
		<difficult>0</difficult>
		<bndbox>
			<xmin>116.0</xmin>
			<ymin>127.0</ymin>
			<xmax>226.0</xmax>
			<ymax>237.0</ymax>
		</bndbox>
	</object>
	<object>
		<name>seals</name>
		<pose>Unspecified</pose>
		<truncated>0</truncated>
		<difficult>0</difficult>
		<bndbox>
			<xmin>117.0</xmin>
			<ymin>218.0</ymin>
			<xmax>177.0</xmax>
			<ymax>278.0</ymax>
		</bndbox>
	</object>
	<object>
		<name>seals</name>
		<pose>Unspecified</pose>
		<truncated>0</truncated>
		<difficult>0</difficult>
		<bndbox>
			<xmin>118.0</xmin>
			<ymin>49.0</ymin>
			<xmax>198.0</xmax>
			<ymax>129.0</ymax>
		</bndbox>
	</object>
	<object>
		<name>seals</name>
		<pose>Unspecified</pose>
		<truncated>0</truncated>
		<difficult>0</difficult>
		<bndbox>
			<xmin>126.0</xmin>
			<ymin>418.0</ymin>
			<xmax>236.0</xmax>
			<ymax>528.0</ymax>
		</bndbox>
	</object>
	<object>
		<name>seals</name>
		<pose>Unspecified</pose>
		<truncated>0</truncated>
		<difficult>0</difficult>
		<bndbox>
			<xmin>127.0</xmin>
			<ymin>282.0</ymin>
			<xmax>207.0</xmax>
			<ymax>362.0</ymax>
		</bndbox>
	</object>
	<object>
		<name>seals</name>
		<pose>Unspecified</pose>
		<truncated>0</truncated>
		<difficult>0</difficult>
		<bndbox>
			<xmin>128.0</xmin>
			<ymin>59.0</ymin>
			<xmax>188.0</xmax>
			<ymax>119.0</ymax>
		</bndbox>
	</object>
	<object>
		<name>seals</name>
		<pose>Unspecified</pose>
		<truncated>0</truncated>
		<difficult>0</difficult>
		<bndbox>
			<xmin>128.0</xmin>
			<ymin>475.0</ymin>
			<xmax>238.0</xmax>
			<ymax>543.9</ymax>
		</bndbox>
	</object>
	<object>
		<name>seals</name>
		<pose>Unspecified</pose>
		<truncated>0</truncated>
		<difficult>0</difficult>
		<bndbox>
			<xmin>131.0</xmin>
			<ymin>142.0</ymin>
			<xmax>211.0</xmax>
			<ymax>222.0</ymax>
		</bndbox>
	</object>
	<object>
		<name>seals</name>
		<pose>Unspecified</pose>
		<truncated>0</truncated>
		<difficult>0</difficult>
		<bndbox>
			<xmin>135.0</xmin>
			<ymin>79.0</ymin>
			<xmax>245.0</xmax>
			<ymax>189.0</ymax>
		</bndbox>
	</object>
	<object>
		<name>seals</name>
		<pose>Unspecified</pose>
		<truncated>0</truncated>
		<difficult>0</difficult>
		<bndbox>
			<xmin>137.0</xmin>
			<ymin>292.0</ymin>
			<xmax>197.0</xmax>
			<ymax>352.0</ymax>
		</bndbox>
	</object>
	<object>
		<name>seals</name>
		<pose>Unspecified</pose>
		<truncated>0</truncated>
		<difficult>0</difficult>
		<bndbox>
			<xmin>141.0</xmin>
			<ymin>152.0</ymin>
			<xmax>201.0</xmax>
			<ymax>212.0</ymax>
		</bndbox>
	</object>
	<object>
		<name>seals</name>
		<pose>Unspecified</pose>
		<truncated>0</truncated>
		<difficult>0</difficult>
		<bndbox>
			<xmin>141.0</xmin>
			<ymin>433.0</ymin>
			<xmax>221.0</xmax>
			<ymax>513.0</ymax>
		</bndbox>
	</object>
	<object>
		<name>seals</name>
		<pose>Unspecified</pose>
		<truncated>0</truncated>
		<difficult>0</difficult>
		<bndbox>
			<xmin>143.0</xmin>
			<ymin>490.0</ymin>
			<xmax>223.0</xmax>
			<ymax>543.9</ymax>
		</bndbox>
	</object>
	<object>
		<name>seals</name>
		<pose>Unspecified</pose>
		<truncated>0</truncated>
		<difficult>0</difficult>
		<bndbox>
			<xmin>147.0</xmin>
			<ymin>193.0</ymin>
			<xmax>257.0</xmax>
			<ymax>303.0</ymax>
		</bndbox>
	</object>
	<object>
		<name>seals</name>
		<pose>Unspecified</pose>
		<truncated>0</truncated>
		<difficult>0</difficult>
		<bndbox>
			<xmin>150.0</xmin>
			<ymin>94.0</ymin>
			<xmax>230.0</xmax>
			<ymax>174.0</ymax>
		</bndbox>
	</object>
	<object>
		<name>seals</name>
		<pose>Unspecified</pose>
		<truncated>0</truncated>
		<difficult>0</difficult>
		<bndbox>
			<xmin>151.0</xmin>
			<ymin>0.1</ymin>
			<xmax>261.0</xmax>
			<ymax>94.1</ymax>
		</bndbox>
	</object>
	<object>
		<name>seals</name>
		<pose>Unspecified</pose>
		<truncated>0</truncated>
		<difficult>0</difficult>
		<bndbox>
			<xmin>151.0</xmin>
			<ymin>443.0</ymin>
			<xmax>211.0</xmax>
			<ymax>503.0</ymax>
		</bndbox>
	</object>
	<object>
		<name>seals</name>
		<pose>Unspecified</pose>
		<truncated>0</truncated>
		<difficult>0</difficult>
		<bndbox>
			<xmin>153.0</xmin>
			<ymin>500.0</ymin>
			<xmax>213.0</xmax>
			<ymax>543.9</ymax>
		</bndbox>
	</object>
	<object>
		<name>seals</name>
		<pose>Unspecified</pose>
		<truncated>0</truncated>
		<difficult>0</difficult>
		<bndbox>
			<xmin>160.0</xmin>
			<ymin>104.0</ymin>
			<xmax>220.0</xmax>
			<ymax>164.0</ymax>
		</bndbox>
	</object>
	<object>
		<name>seals</name>
		<pose>Unspecified</pose>
		<truncated>0</truncated>
		<difficult>0</difficult>
		<bndbox>
			<xmin>162.0</xmin>
			<ymin>36.0</ymin>
			<xmax>272.0</xmax>
			<ymax>146.0</ymax>
		</bndbox>
	</object>
	<object>
		<name>seals</name>
		<pose>Unspecified</pose>
		<truncated>0</truncated>
		<difficult>0</difficult>
		<bndbox>
			<xmin>162.0</xmin>
			<ymin>208.0</ymin>
			<xmax>242.0</xmax>
			<ymax>288.0</ymax>
		</bndbox>
	</object>
	<object>
		<name>seals</name>
		<pose>Unspecified</pose>
		<truncated>0</truncated>
		<difficult>0</difficult>
		<bndbox>
			<xmin>163.0</xmin>
			<ymin>0.1</ymin>
			<xmax>273.0</xmax>
			<ymax>89.1</ymax>
		</bndbox>
	</object>
	<object>
		<name>seals</name>
		<pose>Unspecified</pose>
		<truncated>0</truncated>
		<difficult>0</difficult>
		<bndbox>
			<xmin>166.0</xmin>
			<ymin>0.1</ymin>
			<xmax>246.0</xmax>
			<ymax>79.1</ymax>
		</bndbox>
	</object>
	<object>
		<name>seals</name>
		<pose>Unspecified</pose>
		<truncated>0</truncated>
		<difficult>0</difficult>
		<bndbox>
			<xmin>172.0</xmin>
			<ymin>218.0</ymin>
			<xmax>232.0</xmax>
			<ymax>278.0</ymax>
		</bndbox>
	</object>
	<object>
		<name>seals</name>
		<pose>Unspecified</pose>
		<truncated>0</truncated>
		<difficult>0</difficult>
		<bndbox>
			<xmin>176.0</xmin>
			<ymin>3.0</ymin>
			<xmax>286.0</xmax>
			<ymax>113.0</ymax>
		</bndbox>
	</object>
	<object>
		<name>seals</name>
		<pose>Unspecified</pose>
		<truncated>0</truncated>
		<difficult>0</difficult>
		<bndbox>
			<xmin>176.0</xmin>
			<ymin>9.0</ymin>
			<xmax>236.0</xmax>
			<ymax>69.0</ymax>
		</bndbox>
	</object>
	<object>
		<name>seals</name>
		<pose>Unspecified</pose>
		<truncated>0</truncated>
		<difficult>0</difficult>
		<bndbox>
			<xmin>177.0</xmin>
			<ymin>51.0</ymin>
			<xmax>257.0</xmax>
			<ymax>131.0</ymax>
		</bndbox>
	</object>
	<object>
		<name>seals</name>
		<pose>Unspecified</pose>
		<truncated>0</truncated>
		<difficult>0</difficult>
		<bndbox>
			<xmin>178.0</xmin>
			<ymin>0.1</ymin>
			<xmax>258.0</xmax>
			<ymax>74.1</ymax>
		</bndbox>
	</object>
	<object>
		<name>seals</name>
		<pose>Unspecified</pose>
		<truncated>0</truncated>
		<difficult>0</difficult>
		<bndbox>
			<xmin>181.0</xmin>
			<ymin>488.0</ymin>
			<xmax>291.0</xmax>
			<ymax>543.9</ymax>
		</bndbox>
	</object>
	<object>
		<name>seals</name>
		<pose>Unspecified</pose>
		<truncated>0</truncated>
		<difficult>0</difficult>
		<bndbox>
			<xmin>187.0</xmin>
			<ymin>61.0</ymin>
			<xmax>247.0</xmax>
			<ymax>121.0</ymax>
		</bndbox>
	</object>
	<object>
		<name>seals</name>
		<pose>Unspecified</pose>
		<truncated>0</truncated>
		<difficult>0</difficult>
		<bndbox>
			<xmin>188.0</xmin>
			<ymin>4.0</ymin>
			<xmax>248.0</xmax>
			<ymax>64.0</ymax>
		</bndbox>
	</object>
	<object>
		<name>seals</name>
		<pose>Unspecified</pose>
		<truncated>0</truncated>
		<difficult>0</difficult>
		<bndbox>
			<xmin>191.0</xmin>
			<ymin>18.0</ymin>
			<xmax>271.0</xmax>
			<ymax>98.0</ymax>
		</bndbox>
	</object>
	<object>
		<name>seals</name>
		<pose>Unspecified</pose>
		<truncated>0</truncated>
		<difficult>0</difficult>
		<bndbox>
			<xmin>191.0</xmin>
			<ymin>91.0</ymin>
			<xmax>301.0</xmax>
			<ymax>201.0</ymax>
		</bndbox>
	</object>
	<object>
		<name>seals</name>
		<pose>Unspecified</pose>
		<truncated>0</truncated>
		<difficult>0</difficult>
		<bndbox>
			<xmin>196.0</xmin>
			<ymin>503.0</ymin>
			<xmax>276.0</xmax>
			<ymax>543.9</ymax>
		</bndbox>
	</object>
	<object>
		<name>seals</name>
		<pose>Unspecified</pose>
		<truncated>0</truncated>
		<difficult>0</difficult>
		<bndbox>
			<xmin>201.0</xmin>
			<ymin>28.0</ymin>
			<xmax>261.0</xmax>
			<ymax>88.0</ymax>
		</bndbox>
	</object>
	<object>
		<name>seals</name>
		<pose>Unspecified</pose>
		<truncated>0</truncated>
		<difficult>0</difficult>
		<bndbox>
			<xmin>205.0</xmin>
			<ymin>274.0</ymin>
			<xmax>315.0</xmax>
			<ymax>384.0</ymax>
		</bndbox>
	</object>
	<object>
		<name>seals</name>
		<pose>Unspecified</pose>
		<truncated>0</truncated>
		<difficult>0</difficult>
		<bndbox>
			<xmin>206.0</xmin>
			<ymin>106.0</ymin>
			<xmax>286.0</xmax>
			<ymax>186.0</ymax>
		</bndbox>
	</object>
	<object>
		<name>seals</name>
		<pose>Unspecified</pose>
		<truncated>0</truncated>
		<difficult>0</difficult>
		<bndbox>
			<xmin>206.0</xmin>
			<ymin>513.0</ymin>
			<xmax>266.0</xmax>
			<ymax>543.9</ymax>
		</bndbox>
	</object>
	<object>
		<name>seals</name>
		<pose>Unspecified</pose>
		<truncated>0</truncated>
		<difficult>0</difficult>
		<bndbox>
			<xmin>210.0</xmin>
			<ymin>230.0</ymin>
			<xmax>320.0</xmax>
			<ymax>340.0</ymax>
		</bndbox>
	</object>
	<object>
		<name>seals</name>
		<pose>Unspecified</pose>
		<truncated>0</truncated>
		<difficult>0</difficult>
		<bndbox>
			<xmin>210.0</xmin>
			<ymin>348.0</ymin>
			<xmax>320.0</xmax>
			<ymax>458.0</ymax>
		</bndbox>
	</object>
	<object>
		<name>seals</name>
		<pose>Unspecified</pose>
		<truncated>0</truncated>
		<difficult>0</difficult>
		<bndbox>
			<xmin>216.0</xmin>
			<ymin>116.0</ymin>
			<xmax>276.0</xmax>
			<ymax>176.0</ymax>
		</bndbox>
	</object>
	<object>
		<name>seals</name>
		<pose>Unspecified</pose>
		<truncated>0</truncated>
		<difficult>0</difficult>
		<bndbox>
			<xmin>220.0</xmin>
			<ymin>289.0</ymin>
			<xmax>300.0</xmax>
			<ymax>369.0</ymax>
		</bndbox>
	</object>
	<object>
		<name>seals</name>
		<pose>Unspecified</pose>
		<truncated>0</truncated>
		<difficult>0</difficult>
		<bndbox>
			<xmin>225.0</xmin>
			<ymin>245.0</ymin>
			<xmax>305.0</xmax>
			<ymax>325.0</ymax>
		</bndbox>
	</object>
	<object>
		<name>seals</name>
		<pose>Unspecified</pose>
		<truncated>0</truncated>
		<difficult>0</difficult>
		<bndbox>
			<xmin>225.0</xmin>
			<ymin>363.0</ymin>
			<xmax>305.0</xmax>
			<ymax>443.0</ymax>
		</bndbox>
	</object>
	<object>
		<name>seals</name>
		<pose>Unspecified</pose>
		<truncated>0</truncated>
		<difficult>0</difficult>
		<bndbox>
			<xmin>229.0</xmin>
			<ymin>0.1</ymin>
			<xmax>339.0</xmax>
			<ymax>85.1</ymax>
		</bndbox>
	</object>
	<object>
		<name>seals</name>
		<pose>Unspecified</pose>
		<truncated>0</truncated>
		<difficult>0</difficult>
		<bndbox>
			<xmin>230.0</xmin>
			<ymin>299.0</ymin>
			<xmax>290.0</xmax>
			<ymax>359.0</ymax>
		</bndbox>
	</object>
	<object>
		<name>seals</name>
		<pose>Unspecified</pose>
		<truncated>0</truncated>
		<difficult>0</difficult>
		<bndbox>
			<xmin>235.0</xmin>
			<ymin>46.0</ymin>
			<xmax>345.0</xmax>
			<ymax>156.0</ymax>
		</bndbox>
	</object>
	<object>
		<name>seals</name>
		<pose>Unspecified</pose>
		<truncated>0</truncated>
		<difficult>0</difficult>
		<bndbox>
			<xmin>235.0</xmin>
			<ymin>255.0</ymin>
			<xmax>295.0</xmax>
			<ymax>315.0</ymax>
		</bndbox>
	</object>
	<object>
		<name>seals</name>
		<pose>Unspecified</pose>
		<truncated>0</truncated>
		<difficult>0</difficult>
		<bndbox>
			<xmin>235.0</xmin>
			<ymin>373.0</ymin>
			<xmax>295.0</xmax>
			<ymax>433.0</ymax>
		</bndbox>
	</object>
	<object>
		<name>seals</name>
		<pose>Unspecified</pose>
		<truncated>0</truncated>
		<difficult>0</difficult>
		<bndbox>
			<xmin>244.0</xmin>
			<ymin>0.1</ymin>
			<xmax>324.0</xmax>
			<ymax>70.1</ymax>
		</bndbox>
	</object>
	<object>
		<name>seals</name>
		<pose>Unspecified</pose>
		<truncated>0</truncated>
		<difficult>0</difficult>
		<bndbox>
			<xmin>244.0</xmin>
			<ymin>304.0</ymin>
			<xmax>354.0</xmax>
			<ymax>414.0</ymax>
		</bndbox>
	</object>
	<object>
		<name>seals</name>
		<pose>Unspecified</pose>
		<truncated>0</truncated>
		<difficult>0</difficult>
		<bndbox>
			<xmin>250.0</xmin>
			<ymin>61.0</ymin>
			<xmax>330.0</xmax>
			<ymax>141.0</ymax>
		</bndbox>
	</object>
	<object>
		<name>seals</name>
		<pose>Unspecified</pose>
		<truncated>0</truncated>
		<difficult>0</difficult>
		<bndbox>
			<xmin>251.0</xmin>
			<ymin>471.0</ymin>
			<xmax>361.0</xmax>
			<ymax>543.9</ymax>
		</bndbox>
	</object>
	<object>
		<name>seals</name>
		<pose>Unspecified</pose>
		<truncated>0</truncated>
		<difficult>0</difficult>
		<bndbox>
			<xmin>254.0</xmin>
			<ymin>0.1</ymin>
			<xmax>314.0</xmax>
			<ymax>60.1</ymax>
		</bndbox>
	</object>
	<object>
		<name>seals</name>
		<pose>Unspecified</pose>
		<truncated>0</truncated>
		<difficult>0</difficult>
		<bndbox>
			<xmin>259.0</xmin>
			<ymin>319.0</ymin>
			<xmax>339.0</xmax>
			<ymax>399.0</ymax>
		</bndbox>
	</object>
	<object>
		<name>seals</name>
		<pose>Unspecified</pose>
		<truncated>0</truncated>
		<difficult>0</difficult>
		<bndbox>
			<xmin>260.0</xmin>
			<ymin>71.0</ymin>
			<xmax>320.0</xmax>
			<ymax>131.0</ymax>
		</bndbox>
	</object>
	<object>
		<name>seals</name>
		<pose>Unspecified</pose>
		<truncated>0</truncated>
		<difficult>0</difficult>
		<bndbox>
			<xmin>266.0</xmin>
			<ymin>486.0</ymin>
			<xmax>346.0</xmax>
			<ymax>543.9</ymax>
		</bndbox>
	</object>
	<object>
		<name>seals</name>
		<pose>Unspecified</pose>
		<truncated>0</truncated>
		<difficult>0</difficult>
		<bndbox>
			<xmin>269.0</xmin>
			<ymin>0.1</ymin>
			<xmax>379.0</xmax>
			<ymax>101.1</ymax>
		</bndbox>
	</object>
	<object>
		<name>seals</name>
		<pose>Unspecified</pose>
		<truncated>0</truncated>
		<difficult>0</difficult>
		<bndbox>
			<xmin>269.0</xmin>
			<ymin>329.0</ymin>
			<xmax>329.0</xmax>
			<ymax>389.0</ymax>
		</bndbox>
	</object>
	<object>
		<name>seals</name>
		<pose>Unspecified</pose>
		<truncated>0</truncated>
		<difficult>0</difficult>
		<bndbox>
			<xmin>276.0</xmin>
			<ymin>496.0</ymin>
			<xmax>336.0</xmax>
			<ymax>543.9</ymax>
		</bndbox>
	</object>
	<object>
		<name>seals</name>
		<pose>Unspecified</pose>
		<truncated>0</truncated>
		<difficult>0</difficult>
		<bndbox>
			<xmin>280.0</xmin>
			<ymin>301.0</ymin>
			<xmax>390.0</xmax>
			<ymax>411.0</ymax>
		</bndbox>
	</object>
	<object>
		<name>seals</name>
		<pose>Unspecified</pose>
		<truncated>0</truncated>
		<difficult>0</difficult>
		<bndbox>
			<xmin>284.0</xmin>
			<ymin>6.0</ymin>
			<xmax>364.0</xmax>
			<ymax>86.0</ymax>
		</bndbox>
	</object>
	<object>
		<name>seals</name>
		<pose>Unspecified</pose>
		<truncated>0</truncated>
		<difficult>0</difficult>
		<bndbox>
			<xmin>288.0</xmin>
			<ymin>448.0</ymin>
			<xmax>398.0</xmax>
			<ymax>543.9</ymax>
		</bndbox>
	</object>
	<object>
		<name>seals</name>
		<pose>Unspecified</pose>
		<truncated>0</truncated>
		<difficult>0</difficult>
		<bndbox>
			<xmin>294.0</xmin>
			<ymin>16.0</ymin>
			<xmax>354.0</xmax>
			<ymax>76.0</ymax>
		</bndbox>
	</object>
	<object>
		<name>seals</name>
		<pose>Unspecified</pose>
		<truncated>0</truncated>
		<difficult>0</difficult>
		<bndbox>
			<xmin>295.0</xmin>
			<ymin>316.0</ymin>
			<xmax>375.0</xmax>
			<ymax>396.0</ymax>
		</bndbox>
	</object>
	<object>
		<name>seals</name>
		<pose>Unspecified</pose>
		<truncated>0</truncated>
		<difficult>0</difficult>
		<bndbox>
			<xmin>303.0</xmin>
			<ymin>463.0</ymin>
			<xmax>383.0</xmax>
			<ymax>543.0</ymax>
		</bndbox>
	</object>
	<object>
		<name>seals</name>
		<pose>Unspecified</pose>
		<truncated>0</truncated>
		<difficult>0</difficult>
		<bndbox>
			<xmin>305.0</xmin>
			<ymin>326.0</ymin>
			<xmax>365.0</xmax>
			<ymax>386.0</ymax>
		</bndbox>
	</object>
	<object>
		<name>seals</name>
		<pose>Unspecified</pose>
		<truncated>0</truncated>
		<difficult>0</difficult>
		<bndbox>
			<xmin>313.0</xmin>
			<ymin>473.0</ymin>
			<xmax>373.0</xmax>
			<ymax>533.0</ymax>
		</bndbox>
	</object>
	<object>
		<name>seals</name>
		<pose>Unspecified</pose>
		<truncated>0</truncated>
		<difficult>0</difficult>
		<bndbox>
			<xmin>319.0</xmin>
			<ymin>102.0</ymin>
			<xmax>429.0</xmax>
			<ymax>212.0</ymax>
		</bndbox>
	</object>
	<object>
		<name>seals</name>
		<pose>Unspecified</pose>
		<truncated>0</truncated>
		<difficult>0</difficult>
		<bndbox>
			<xmin>319.0</xmin>
			<ymin>432.0</ymin>
			<xmax>429.0</xmax>
			<ymax>542.0</ymax>
		</bndbox>
	</object>
	<object>
		<name>seals</name>
		<pose>Unspecified</pose>
		<truncated>0</truncated>
		<difficult>0</difficult>
		<bndbox>
			<xmin>334.0</xmin>
			<ymin>117.0</ymin>
			<xmax>414.0</xmax>
			<ymax>197.0</ymax>
		</bndbox>
	</object>
	<object>
		<name>seals</name>
		<pose>Unspecified</pose>
		<truncated>0</truncated>
		<difficult>0</difficult>
		<bndbox>
			<xmin>334.0</xmin>
			<ymin>447.0</ymin>
			<xmax>414.0</xmax>
			<ymax>527.0</ymax>
		</bndbox>
	</object>
	<object>
		<name>seals</name>
		<pose>Unspecified</pose>
		<truncated>0</truncated>
		<difficult>0</difficult>
		<bndbox>
			<xmin>338.0</xmin>
			<ymin>342.0</ymin>
			<xmax>448.0</xmax>
			<ymax>452.0</ymax>
		</bndbox>
	</object>
	<object>
		<name>seals</name>
		<pose>Unspecified</pose>
		<truncated>0</truncated>
		<difficult>0</difficult>
		<bndbox>
			<xmin>344.0</xmin>
			<ymin>127.0</ymin>
			<xmax>404.0</xmax>
			<ymax>187.0</ymax>
		</bndbox>
	</object>
	<object>
		<name>seals</name>
		<pose>Unspecified</pose>
		<truncated>0</truncated>
		<difficult>0</difficult>
		<bndbox>
			<xmin>344.0</xmin>
			<ymin>457.0</ymin>
			<xmax>404.0</xmax>
			<ymax>517.0</ymax>
		</bndbox>
	</object>
	<object>
		<name>seals</name>
		<pose>Unspecified</pose>
		<truncated>0</truncated>
		<difficult>0</difficult>
		<bndbox>
			<xmin>353.0</xmin>
			<ymin>357.0</ymin>
			<xmax>433.0</xmax>
			<ymax>437.0</ymax>
		</bndbox>
	</object>
	<object>
		<name>seals</name>
		<pose>Unspecified</pose>
		<truncated>0</truncated>
		<difficult>0</difficult>
		<bndbox>
			<xmin>360.0</xmin>
			<ymin>0.1</ymin>
			<xmax>470.0</xmax>
			<ymax>69.1</ymax>
		</bndbox>
	</object>
	<object>
		<name>seals</name>
		<pose>Unspecified</pose>
		<truncated>0</truncated>
		<difficult>0</difficult>
		<bndbox>
			<xmin>363.0</xmin>
			<ymin>367.0</ymin>
			<xmax>423.0</xmax>
			<ymax>427.0</ymax>
		</bndbox>
	</object>
	<object>
		<name>seals</name>
		<pose>Unspecified</pose>
		<truncated>0</truncated>
		<difficult>0</difficult>
		<bndbox>
			<xmin>375.0</xmin>
			<ymin>0.1</ymin>
			<xmax>455.0</xmax>
			<ymax>54.1</ymax>
		</bndbox>
	</object>
	<object>
		<name>seals</name>
		<pose>Unspecified</pose>
		<truncated>0</truncated>
		<difficult>0</difficult>
		<bndbox>
			<xmin>376.0</xmin>
			<ymin>383.0</ymin>
			<xmax>486.0</xmax>
			<ymax>493.0</ymax>
		</bndbox>
	</object>
	<object>
		<name>seals</name>
		<pose>Unspecified</pose>
		<truncated>0</truncated>
		<difficult>0</difficult>
		<bndbox>
			<xmin>385.0</xmin>
			<ymin>0.1</ymin>
			<xmax>445.0</xmax>
			<ymax>44.1</ymax>
		</bndbox>
	</object>
	<object>
		<name>seals</name>
		<pose>Unspecified</pose>
		<truncated>0</truncated>
		<difficult>0</difficult>
		<bndbox>
			<xmin>391.0</xmin>
			<ymin>398.0</ymin>
			<xmax>471.0</xmax>
			<ymax>478.0</ymax>
		</bndbox>
	</object>
	<object>
		<name>seals</name>
		<pose>Unspecified</pose>
		<truncated>0</truncated>
		<difficult>0</difficult>
		<bndbox>
			<xmin>401.0</xmin>
			<ymin>408.0</ymin>
			<xmax>461.0</xmax>
			<ymax>468.0</ymax>
		</bndbox>
	</object>
	<object>
		<name>seals</name>
		<pose>Unspecified</pose>
		<truncated>0</truncated>
		<difficult>0</difficult>
		<bndbox>
			<xmin>402.0</xmin>
			<ymin>81.0</ymin>
			<xmax>512.0</xmax>
			<ymax>191.0</ymax>
		</bndbox>
	</object>
	<object>
		<name>seals</name>
		<pose>Unspecified</pose>
		<truncated>0</truncated>
		<difficult>0</difficult>
		<bndbox>
			<xmin>404.0</xmin>
			<ymin>197.0</ymin>
			<xmax>514.0</xmax>
			<ymax>307.0</ymax>
		</bndbox>
	</object>
	<object>
		<name>seals</name>
		<pose>Unspecified</pose>
		<truncated>0</truncated>
		<difficult>0</difficult>
		<bndbox>
			<xmin>409.0</xmin>
			<ymin>359.0</ymin>
			<xmax>519.0</xmax>
			<ymax>469.0</ymax>
		</bndbox>
	</object>
	<object>
		<name>seals</name>
		<pose>Unspecified</pose>
		<truncated>0</truncated>
		<difficult>0</difficult>
		<bndbox>
			<xmin>410.0</xmin>
			<ymin>476.0</ymin>
			<xmax>520.0</xmax>
			<ymax>543.9</ymax>
		</bndbox>
	</object>
	<object>
		<name>seals</name>
		<pose>Unspecified</pose>
		<truncated>0</truncated>
		<difficult>0</difficult>
		<bndbox>
			<xmin>414.0</xmin>
			<ymin>397.0</ymin>
			<xmax>524.0</xmax>
			<ymax>507.0</ymax>
		</bndbox>
	</object>
	<object>
		<name>seals</name>
		<pose>Unspecified</pose>
		<truncated>0</truncated>
		<difficult>0</difficult>
		<bndbox>
			<xmin>417.0</xmin>
			<ymin>96.0</ymin>
			<xmax>497.0</xmax>
			<ymax>176.0</ymax>
		</bndbox>
	</object>
	<object>
		<name>seals</name>
		<pose>Unspecified</pose>
		<truncated>0</truncated>
		<difficult>0</difficult>
		<bndbox>
			<xmin>419.0</xmin>
			<ymin>212.0</ymin>
			<xmax>499.0</xmax>
			<ymax>292.0</ymax>
		</bndbox>
	</object>
	<object>
		<name>seals</name>
		<pose>Unspecified</pose>
		<truncated>0</truncated>
		<difficult>0</difficult>
		<bndbox>
			<xmin>424.0</xmin>
			<ymin>374.0</ymin>
			<xmax>504.0</xmax>
			<ymax>454.0</ymax>
		</bndbox>
	</object>
	<object>
		<name>seals</name>
		<pose>Unspecified</pose>
		<truncated>0</truncated>
		<difficult>0</difficult>
		<bndbox>
			<xmin>425.0</xmin>
			<ymin>491.0</ymin>
			<xmax>505.0</xmax>
			<ymax>543.9</ymax>
		</bndbox>
	</object>
	<object>
		<name>seals</name>
		<pose>Unspecified</pose>
		<truncated>0</truncated>
		<difficult>0</difficult>
		<bndbox>
			<xmin>427.0</xmin>
			<ymin>106.0</ymin>
			<xmax>487.0</xmax>
			<ymax>166.0</ymax>
		</bndbox>
	</object>
	<object>
		<name>seals</name>
		<pose>Unspecified</pose>
		<truncated>0</truncated>
		<difficult>0</difficult>
		<bndbox>
			<xmin>429.0</xmin>
			<ymin>222.0</ymin>
			<xmax>489.0</xmax>
			<ymax>282.0</ymax>
		</bndbox>
	</object>
	<object>
		<name>seals</name>
		<pose>Unspecified</pose>
		<truncated>0</truncated>
		<difficult>0</difficult>
		<bndbox>
			<xmin>429.0</xmin>
			<ymin>412.0</ymin>
			<xmax>509.0</xmax>
			<ymax>492.0</ymax>
		</bndbox>
	</object>
	<object>
		<name>seals</name>
		<pose>Unspecified</pose>
		<truncated>0</truncated>
		<difficult>0</difficult>
		<bndbox>
			<xmin>434.0</xmin>
			<ymin>384.0</ymin>
			<xmax>494.0</xmax>
			<ymax>444.0</ymax>
		</bndbox>
	</object>
	<object>
		<name>seals</name>
		<pose>Unspecified</pose>
		<truncated>0</truncated>
		<difficult>0</difficult>
		<bndbox>
			<xmin>435.0</xmin>
			<ymin>501.0</ymin>
			<xmax>495.0</xmax>
			<ymax>543.9</ymax>
		</bndbox>
	</object>
	<object>
		<name>seals</name>
		<pose>Unspecified</pose>
		<truncated>0</truncated>
		<difficult>0</difficult>
		<bndbox>
			<xmin>439.0</xmin>
			<ymin>422.0</ymin>
			<xmax>499.0</xmax>
			<ymax>482.0</ymax>
		</bndbox>
	</object>
	<object>
		<name>seals</name>
		<pose>Unspecified</pose>
		<truncated>0</truncated>
		<difficult>0</difficult>
		<bndbox>
			<xmin>454.0</xmin>
			<ymin>425.0</ymin>
			<xmax>543.9</xmax>
			<ymax>535.0</ymax>
		</bndbox>
	</object>
	<object>
		<name>seals</name>
		<pose>Unspecified</pose>
		<truncated>0</truncated>
		<difficult>0</difficult>
		<bndbox>
			<xmin>463.0</xmin>
			<ymin>3.0</ymin>
			<xmax>543.9</xmax>
			<ymax>113.0</ymax>
		</bndbox>
	</object>
	<object>
		<name>seals</name>
		<pose>Unspecified</pose>
		<truncated>0</truncated>
		<difficult>0</difficult>
		<bndbox>
			<xmin>464.0</xmin>
			<ymin>198.0</ymin>
			<xmax>543.9</xmax>
			<ymax>348.0</ymax>
		</bndbox>
	</object>
	<object>
		<name>seals</name>
		<pose>Unspecified</pose>
		<truncated>0</truncated>
		<difficult>0</difficult>
		<bndbox>
			<xmin>469.0</xmin>
			<ymin>440.0</ymin>
			<xmax>543.9</xmax>
			<ymax>520.0</ymax>
		</bndbox>
	</object>
	<object>
		<name>seals</name>
		<pose>Unspecified</pose>
		<truncated>0</truncated>
		<difficult>0</difficult>
		<bndbox>
			<xmin>478.0</xmin>
			<ymin>18.0</ymin>
			<xmax>543.9</xmax>
			<ymax>98.0</ymax>
		</bndbox>
	</object>
	<object>
		<name>seals</name>
		<pose>Unspecified</pose>
		<truncated>0</truncated>
		<difficult>0</difficult>
		<bndbox>
			<xmin>479.0</xmin>
			<ymin>450.0</ymin>
			<xmax>539.0</xmax>
			<ymax>510.0</ymax>
		</bndbox>
	</object>
	<object>
		<name>seals</name>
		<pose>Unspecified</pose>
		<truncated>0</truncated>
		<difficult>0</difficult>
		<bndbox>
			<xmin>484.0</xmin>
			<ymin>218.0</ymin>
			<xmax>543.9</xmax>
			<ymax>328.0</ymax>
		</bndbox>
	</object>
	<object>
		<name>seals</name>
		<pose>Unspecified</pose>
		<truncated>0</truncated>
		<difficult>0</difficult>
		<bndbox>
			<xmin>488.0</xmin>
			<ymin>28.0</ymin>
			<xmax>543.9</xmax>
			<ymax>88.0</ymax>
		</bndbox>
	</object>
	<object>
		<name>seals</name>
		<pose>Unspecified</pose>
		<truncated>0</truncated>
		<difficult>0</difficult>
		<bndbox>
			<xmin>499.0</xmin>
			<ymin>233.0</ymin>
			<xmax>543.9</xmax>
			<ymax>313.0</ymax>
		</bndbox>
	</object></annotation>