<annotation>
	<folder>seals</folder>
	<filename>753_24.jpg</filename>
	<source>
		<database>Source</database>
	</source>
	<size>
		<width>544</width>
		<height>544</height>
		<depth>3</depth>
	</size>
	<segmented>0</segmented>
	<object>
		<name>seals</name>
		<pose>Unspecified</pose>
		<truncated>0</truncated>
		<difficult>0</difficult>
		<bndbox>
			<xmin>450.0</xmin>
			<ymin>0.1</ymin>
			<xmax>543.9</xmax>
			<ymax>62.1</ymax>
		</bndbox>
	</object>
	<object>
		<name>seals</name>
		<pose>Unspecified</pose>
		<truncated>0</truncated>
		<difficult>0</difficult>
		<bndbox>
			<xmin>452.0</xmin>
			<ymin>13.0</ymin>
			<xmax>543.9</xmax>
			<ymax>123.0</ymax>
		</bndbox>
	</object>
	<object>
		<name>seals</name>
		<pose>Unspecified</pose>
		<truncated>0</truncated>
		<difficult>0</difficult>
		<bndbox>
			<xmin>465.0</xmin>
			<ymin>0.1</ymin>
			<xmax>543.9</xmax>
			<ymax>47.1</ymax>
		</bndbox>
	</object>
	<object>
		<name>seals</name>
		<pose>Unspecified</pose>
		<truncated>0</truncated>
		<difficult>0</difficult>
		<bndbox>
			<xmin>467.0</xmin>
			<ymin>28.0</ymin>
			<xmax>543.9</xmax>
			<ymax>108.0</ymax>
		</bndbox>
	</object>
	<object>
		<name>seals</name>
		<pose>Unspecified</pose>
		<truncated>0</truncated>
		<difficult>0</difficult>
		<bndbox>
			<xmin>475.0</xmin>
			<ymin>0.1</ymin>
			<xmax>535.0</xmax>
			<ymax>37.1</ymax>
		</bndbox>
	</object>
	<object>
		<name>seals</name>
		<pose>Unspecified</pose>
		<truncated>0</truncated>
		<difficult>0</difficult>
		<bndbox>
			<xmin>477.0</xmin>
			<ymin>38.0</ymin>
			<xmax>537.0</xmax>
			<ymax>98.0</ymax>
		</bndbox>
	</object></annotation>