<annotation>
	<folder>seals</folder>
	<filename>775_31.jpg</filename>
	<source>
		<database>Source</database>
	</source>
	<size>
		<width>544</width>
		<height>544</height>
		<depth>3</depth>
	</size>
	<segmented>0</segmented>
	<object>
		<name>seals</name>
		<pose>Unspecified</pose>
		<truncated>0</truncated>
		<difficult>0</difficult>
		<bndbox>
			<xmin>0.1</xmin>
			<ymin>363.0</ymin>
			<xmax>74.1</xmax>
			<ymax>473.0</ymax>
		</bndbox>
	</object>
	<object>
		<name>seals</name>
		<pose>Unspecified</pose>
		<truncated>0</truncated>
		<difficult>0</difficult>
		<bndbox>
			<xmin>0.1</xmin>
			<ymin>378.0</ymin>
			<xmax>59.1</xmax>
			<ymax>458.0</ymax>
		</bndbox>
	</object>
	<object>
		<name>seals</name>
		<pose>Unspecified</pose>
		<truncated>0</truncated>
		<difficult>0</difficult>
		<bndbox>
			<xmin>0.1</xmin>
			<ymin>388.0</ymin>
			<xmax>49.1</xmax>
			<ymax>448.0</ymax>
		</bndbox>
	</object>
	<object>
		<name>seals</name>
		<pose>Unspecified</pose>
		<truncated>0</truncated>
		<difficult>0</difficult>
		<bndbox>
			<xmin>0.1</xmin>
			<ymin>408.0</ymin>
			<xmax>67.1</xmax>
			<ymax>518.0</ymax>
		</bndbox>
	</object>
	<object>
		<name>seals</name>
		<pose>Unspecified</pose>
		<truncated>0</truncated>
		<difficult>0</difficult>
		<bndbox>
			<xmin>0.1</xmin>
			<ymin>423.0</ymin>
			<xmax>52.1</xmax>
			<ymax>503.0</ymax>
		</bndbox>
	</object>
	<object>
		<name>seals</name>
		<pose>Unspecified</pose>
		<truncated>0</truncated>
		<difficult>0</difficult>
		<bndbox>
			<xmin>0.1</xmin>
			<ymin>433.0</ymin>
			<xmax>42.1</xmax>
			<ymax>493.0</ymax>
		</bndbox>
	</object>
	<object>
		<name>seals</name>
		<pose>Unspecified</pose>
		<truncated>0</truncated>
		<difficult>0</difficult>
		<bndbox>
			<xmin>3.0</xmin>
			<ymin>351.0</ymin>
			<xmax>113.0</xmax>
			<ymax>461.0</ymax>
		</bndbox>
	</object>
	<object>
		<name>seals</name>
		<pose>Unspecified</pose>
		<truncated>0</truncated>
		<difficult>0</difficult>
		<bndbox>
			<xmin>10.0</xmin>
			<ymin>428.0</ymin>
			<xmax>120.0</xmax>
			<ymax>538.0</ymax>
		</bndbox>
	</object>
	<object>
		<name>seals</name>
		<pose>Unspecified</pose>
		<truncated>0</truncated>
		<difficult>0</difficult>
		<bndbox>
			<xmin>18.0</xmin>
			<ymin>366.0</ymin>
			<xmax>98.0</xmax>
			<ymax>446.0</ymax>
		</bndbox>
	</object>
	<object>
		<name>seals</name>
		<pose>Unspecified</pose>
		<truncated>0</truncated>
		<difficult>0</difficult>
		<bndbox>
			<xmin>25.0</xmin>
			<ymin>443.0</ymin>
			<xmax>105.0</xmax>
			<ymax>523.0</ymax>
		</bndbox>
	</object>
	<object>
		<name>seals</name>
		<pose>Unspecified</pose>
		<truncated>0</truncated>
		<difficult>0</difficult>
		<bndbox>
			<xmin>28.0</xmin>
			<ymin>376.0</ymin>
			<xmax>88.0</xmax>
			<ymax>436.0</ymax>
		</bndbox>
	</object>
	<object>
		<name>seals</name>
		<pose>Unspecified</pose>
		<truncated>0</truncated>
		<difficult>0</difficult>
		<bndbox>
			<xmin>35.0</xmin>
			<ymin>453.0</ymin>
			<xmax>95.0</xmax>
			<ymax>513.0</ymax>
		</bndbox>
	</object>
	<object>
		<name>seals</name>
		<pose>Unspecified</pose>
		<truncated>0</truncated>
		<difficult>0</difficult>
		<bndbox>
			<xmin>47.0</xmin>
			<ymin>249.0</ymin>
			<xmax>157.0</xmax>
			<ymax>359.0</ymax>
		</bndbox>
	</object>
	<object>
		<name>seals</name>
		<pose>Unspecified</pose>
		<truncated>0</truncated>
		<difficult>0</difficult>
		<bndbox>
			<xmin>62.0</xmin>
			<ymin>264.0</ymin>
			<xmax>142.0</xmax>
			<ymax>344.0</ymax>
		</bndbox>
	</object>
	<object>
		<name>seals</name>
		<pose>Unspecified</pose>
		<truncated>0</truncated>
		<difficult>0</difficult>
		<bndbox>
			<xmin>66.0</xmin>
			<ymin>318.0</ymin>
			<xmax>176.0</xmax>
			<ymax>428.0</ymax>
		</bndbox>
	</object>
	<object>
		<name>seals</name>
		<pose>Unspecified</pose>
		<truncated>0</truncated>
		<difficult>0</difficult>
		<bndbox>
			<xmin>72.0</xmin>
			<ymin>274.0</ymin>
			<xmax>132.0</xmax>
			<ymax>334.0</ymax>
		</bndbox>
	</object>
	<object>
		<name>seals</name>
		<pose>Unspecified</pose>
		<truncated>0</truncated>
		<difficult>0</difficult>
		<bndbox>
			<xmin>81.0</xmin>
			<ymin>333.0</ymin>
			<xmax>161.0</xmax>
			<ymax>413.0</ymax>
		</bndbox>
	</object>
	<object>
		<name>seals</name>
		<pose>Unspecified</pose>
		<truncated>0</truncated>
		<difficult>0</difficult>
		<bndbox>
			<xmin>91.0</xmin>
			<ymin>343.0</ymin>
			<xmax>151.0</xmax>
			<ymax>403.0</ymax>
		</bndbox>
	</object>
	<object>
		<name>seals</name>
		<pose>Unspecified</pose>
		<truncated>0</truncated>
		<difficult>0</difficult>
		<bndbox>
			<xmin>113.0</xmin>
			<ymin>295.0</ymin>
			<xmax>223.0</xmax>
			<ymax>405.0</ymax>
		</bndbox>
	</object>
	<object>
		<name>seals</name>
		<pose>Unspecified</pose>
		<truncated>0</truncated>
		<difficult>0</difficult>
		<bndbox>
			<xmin>128.0</xmin>
			<ymin>310.0</ymin>
			<xmax>208.0</xmax>
			<ymax>390.0</ymax>
		</bndbox>
	</object>
	<object>
		<name>seals</name>
		<pose>Unspecified</pose>
		<truncated>0</truncated>
		<difficult>0</difficult>
		<bndbox>
			<xmin>138.0</xmin>
			<ymin>320.0</ymin>
			<xmax>198.0</xmax>
			<ymax>380.0</ymax>
		</bndbox>
	</object></annotation>