<annotation>
	<folder>seals</folder>
	<filename>792_14.jpg</filename>
	<source>
		<database>Source</database>
	</source>
	<size>
		<width>544</width>
		<height>544</height>
		<depth>3</depth>
	</size>
	<segmented>0</segmented>
	<object>
		<name>seals</name>
		<pose>Unspecified</pose>
		<truncated>0</truncated>
		<difficult>0</difficult>
		<bndbox>
			<xmin>289.0</xmin>
			<ymin>115.0</ymin>
			<xmax>399.0</xmax>
			<ymax>225.0</ymax>
		</bndbox>
	</object>
	<object>
		<name>seals</name>
		<pose>Unspecified</pose>
		<truncated>0</truncated>
		<difficult>0</difficult>
		<bndbox>
			<xmin>304.0</xmin>
			<ymin>130.0</ymin>
			<xmax>384.0</xmax>
			<ymax>210.0</ymax>
		</bndbox>
	</object>
	<object>
		<name>seals</name>
		<pose>Unspecified</pose>
		<truncated>0</truncated>
		<difficult>0</difficult>
		<bndbox>
			<xmin>314.0</xmin>
			<ymin>140.0</ymin>
			<xmax>374.0</xmax>
			<ymax>200.0</ymax>
		</bndbox>
	</object>
	<object>
		<name>seals</name>
		<pose>Unspecified</pose>
		<truncated>0</truncated>
		<difficult>0</difficult>
		<bndbox>
			<xmin>317.0</xmin>
			<ymin>0.1</ymin>
			<xmax>427.0</xmax>
			<ymax>97.1</ymax>
		</bndbox>
	</object>
	<object>
		<name>seals</name>
		<pose>Unspecified</pose>
		<truncated>0</truncated>
		<difficult>0</difficult>
		<bndbox>
			<xmin>332.0</xmin>
			<ymin>2.0</ymin>
			<xmax>412.0</xmax>
			<ymax>82.0</ymax>
		</bndbox>
	</object>
	<object>
		<name>seals</name>
		<pose>Unspecified</pose>
		<truncated>0</truncated>
		<difficult>0</difficult>
		<bndbox>
			<xmin>342.0</xmin>
			<ymin>12.0</ymin>
			<xmax>402.0</xmax>
			<ymax>72.0</ymax>
		</bndbox>
	</object>
	<object>
		<name>seals</name>
		<pose>Unspecified</pose>
		<truncated>0</truncated>
		<difficult>0</difficult>
		<bndbox>
			<xmin>371.0</xmin>
			<ymin>132.0</ymin>
			<xmax>521.0</xmax>
			<ymax>282.0</ymax>
		</bndbox>
	</object>
	<object>
		<name>seals</name>
		<pose>Unspecified</pose>
		<truncated>0</truncated>
		<difficult>0</difficult>
		<bndbox>
			<xmin>390.0</xmin>
			<ymin>341.0</ymin>
			<xmax>500.0</xmax>
			<ymax>451.0</ymax>
		</bndbox>
	</object>
	<object>
		<name>seals</name>
		<pose>Unspecified</pose>
		<truncated>0</truncated>
		<difficult>0</difficult>
		<bndbox>
			<xmin>391.0</xmin>
			<ymin>152.0</ymin>
			<xmax>501.0</xmax>
			<ymax>262.0</ymax>
		</bndbox>
	</object>
	<object>
		<name>seals</name>
		<pose>Unspecified</pose>
		<truncated>0</truncated>
		<difficult>0</difficult>
		<bndbox>
			<xmin>405.0</xmin>
			<ymin>356.0</ymin>
			<xmax>485.0</xmax>
			<ymax>436.0</ymax>
		</bndbox>
	</object>
	<object>
		<name>seals</name>
		<pose>Unspecified</pose>
		<truncated>0</truncated>
		<difficult>0</difficult>
		<bndbox>
			<xmin>406.0</xmin>
			<ymin>167.0</ymin>
			<xmax>486.0</xmax>
			<ymax>247.0</ymax>
		</bndbox>
	</object>
	<object>
		<name>seals</name>
		<pose>Unspecified</pose>
		<truncated>0</truncated>
		<difficult>0</difficult>
		<bndbox>
			<xmin>415.0</xmin>
			<ymin>366.0</ymin>
			<xmax>475.0</xmax>
			<ymax>426.0</ymax>
		</bndbox>
	</object>
	<object>
		<name>seals</name>
		<pose>Unspecified</pose>
		<truncated>0</truncated>
		<difficult>0</difficult>
		<bndbox>
			<xmin>427.0</xmin>
			<ymin>430.0</ymin>
			<xmax>537.0</xmax>
			<ymax>540.0</ymax>
		</bndbox>
	</object>
	<object>
		<name>seals</name>
		<pose>Unspecified</pose>
		<truncated>0</truncated>
		<difficult>0</difficult>
		<bndbox>
			<xmin>442.0</xmin>
			<ymin>445.0</ymin>
			<xmax>522.0</xmax>
			<ymax>525.0</ymax>
		</bndbox>
	</object>
	<object>
		<name>seals</name>
		<pose>Unspecified</pose>
		<truncated>0</truncated>
		<difficult>0</difficult>
		<bndbox>
			<xmin>452.0</xmin>
			<ymin>455.0</ymin>
			<xmax>512.0</xmax>
			<ymax>515.0</ymax>
		</bndbox>
	</object>
	<object>
		<name>seals</name>
		<pose>Unspecified</pose>
		<truncated>0</truncated>
		<difficult>0</difficult>
		<bndbox>
			<xmin>457.0</xmin>
			<ymin>310.0</ymin>
			<xmax>543.9</xmax>
			<ymax>420.0</ymax>
		</bndbox>
	</object>
	<object>
		<name>seals</name>
		<pose>Unspecified</pose>
		<truncated>0</truncated>
		<difficult>0</difficult>
		<bndbox>
			<xmin>472.0</xmin>
			<ymin>325.0</ymin>
			<xmax>543.9</xmax>
			<ymax>405.0</ymax>
		</bndbox>
	</object>
	<object>
		<name>seals</name>
		<pose>Unspecified</pose>
		<truncated>0</truncated>
		<difficult>0</difficult>
		<bndbox>
			<xmin>475.0</xmin>
			<ymin>53.0</ymin>
			<xmax>543.9</xmax>
			<ymax>163.0</ymax>
		</bndbox>
	</object>
	<object>
		<name>seals</name>
		<pose>Unspecified</pose>
		<truncated>0</truncated>
		<difficult>0</difficult>
		<bndbox>
			<xmin>482.0</xmin>
			<ymin>335.0</ymin>
			<xmax>542.0</xmax>
			<ymax>395.0</ymax>
		</bndbox>
	</object>
	<object>
		<name>seals</name>
		<pose>Unspecified</pose>
		<truncated>0</truncated>
		<difficult>0</difficult>
		<bndbox>
			<xmin>490.0</xmin>
			<ymin>68.0</ymin>
			<xmax>543.9</xmax>
			<ymax>148.0</ymax>
		</bndbox>
	</object>
	<object>
		<name>seals</name>
		<pose>Unspecified</pose>
		<truncated>0</truncated>
		<difficult>0</difficult>
		<bndbox>
			<xmin>500.0</xmin>
			<ymin>78.0</ymin>
			<xmax>543.9</xmax>
			<ymax>138.0</ymax>
		</bndbox>
	</object></annotation>