<annotation>
	<folder>seals</folder>
	<filename>855_33.jpg</filename>
	<source>
		<database>Source</database>
	</source>
	<size>
		<width>544</width>
		<height>544</height>
		<depth>3</depth>
	</size>
	<segmented>0</segmented>
	<object>
		<name>seals</name>
		<pose>Unspecified</pose>
		<truncated>0</truncated>
		<difficult>0</difficult>
		<bndbox>
			<xmin>0.1</xmin>
			<ymin>361.0</ymin>
			<xmax>83.1</xmax>
			<ymax>511.0</ymax>
		</bndbox>
	</object>
	<object>
		<name>seals</name>
		<pose>Unspecified</pose>
		<truncated>0</truncated>
		<difficult>0</difficult>
		<bndbox>
			<xmin>0.1</xmin>
			<ymin>381.0</ymin>
			<xmax>63.1</xmax>
			<ymax>491.0</ymax>
		</bndbox>
	</object>
	<object>
		<name>seals</name>
		<pose>Unspecified</pose>
		<truncated>0</truncated>
		<difficult>0</difficult>
		<bndbox>
			<xmin>0.1</xmin>
			<ymin>396.0</ymin>
			<xmax>48.1</xmax>
			<ymax>476.0</ymax>
		</bndbox>
	</object>
	<object>
		<name>seals</name>
		<pose>Unspecified</pose>
		<truncated>0</truncated>
		<difficult>0</difficult>
		<bndbox>
			<xmin>0.1</xmin>
			<ymin>431.0</ymin>
			<xmax>106.1</xmax>
			<ymax>541.0</ymax>
		</bndbox>
	</object>
	<object>
		<name>seals</name>
		<pose>Unspecified</pose>
		<truncated>0</truncated>
		<difficult>0</difficult>
		<bndbox>
			<xmin>0.1</xmin>
			<ymin>445.0</ymin>
			<xmax>92.1</xmax>
			<ymax>543.9</ymax>
		</bndbox>
	</object>
	<object>
		<name>seals</name>
		<pose>Unspecified</pose>
		<truncated>0</truncated>
		<difficult>0</difficult>
		<bndbox>
			<xmin>0.1</xmin>
			<ymin>460.0</ymin>
			<xmax>77.1</xmax>
			<ymax>540.0</ymax>
		</bndbox>
	</object>
	<object>
		<name>seals</name>
		<pose>Unspecified</pose>
		<truncated>0</truncated>
		<difficult>0</difficult>
		<bndbox>
			<xmin>7.0</xmin>
			<ymin>470.0</ymin>
			<xmax>67.0</xmax>
			<ymax>530.0</ymax>
		</bndbox>
	</object>
	<object>
		<name>seals</name>
		<pose>Unspecified</pose>
		<truncated>0</truncated>
		<difficult>0</difficult>
		<bndbox>
			<xmin>11.0</xmin>
			<ymin>446.0</ymin>
			<xmax>91.0</xmax>
			<ymax>526.0</ymax>
		</bndbox>
	</object>
	<object>
		<name>seals</name>
		<pose>Unspecified</pose>
		<truncated>0</truncated>
		<difficult>0</difficult>
		<bndbox>
			<xmin>19.0</xmin>
			<ymin>386.0</ymin>
			<xmax>129.0</xmax>
			<ymax>496.0</ymax>
		</bndbox>
	</object>
	<object>
		<name>seals</name>
		<pose>Unspecified</pose>
		<truncated>0</truncated>
		<difficult>0</difficult>
		<bndbox>
			<xmin>21.0</xmin>
			<ymin>456.0</ymin>
			<xmax>81.0</xmax>
			<ymax>516.0</ymax>
		</bndbox>
	</object>
	<object>
		<name>seals</name>
		<pose>Unspecified</pose>
		<truncated>0</truncated>
		<difficult>0</difficult>
		<bndbox>
			<xmin>33.0</xmin>
			<ymin>434.0</ymin>
			<xmax>143.0</xmax>
			<ymax>543.9</ymax>
		</bndbox>
	</object>
	<object>
		<name>seals</name>
		<pose>Unspecified</pose>
		<truncated>0</truncated>
		<difficult>0</difficult>
		<bndbox>
			<xmin>34.0</xmin>
			<ymin>401.0</ymin>
			<xmax>114.0</xmax>
			<ymax>481.0</ymax>
		</bndbox>
	</object>
	<object>
		<name>seals</name>
		<pose>Unspecified</pose>
		<truncated>0</truncated>
		<difficult>0</difficult>
		<bndbox>
			<xmin>38.0</xmin>
			<ymin>387.0</ymin>
			<xmax>148.0</xmax>
			<ymax>497.0</ymax>
		</bndbox>
	</object>
	<object>
		<name>seals</name>
		<pose>Unspecified</pose>
		<truncated>0</truncated>
		<difficult>0</difficult>
		<bndbox>
			<xmin>44.0</xmin>
			<ymin>411.0</ymin>
			<xmax>104.0</xmax>
			<ymax>471.0</ymax>
		</bndbox>
	</object>
	<object>
		<name>seals</name>
		<pose>Unspecified</pose>
		<truncated>0</truncated>
		<difficult>0</difficult>
		<bndbox>
			<xmin>44.0</xmin>
			<ymin>461.0</ymin>
			<xmax>154.0</xmax>
			<ymax>543.9</ymax>
		</bndbox>
	</object>
	<object>
		<name>seals</name>
		<pose>Unspecified</pose>
		<truncated>0</truncated>
		<difficult>0</difficult>
		<bndbox>
			<xmin>48.0</xmin>
			<ymin>449.0</ymin>
			<xmax>128.0</xmax>
			<ymax>529.0</ymax>
		</bndbox>
	</object>
	<object>
		<name>seals</name>
		<pose>Unspecified</pose>
		<truncated>0</truncated>
		<difficult>0</difficult>
		<bndbox>
			<xmin>50.0</xmin>
			<ymin>429.0</ymin>
			<xmax>160.0</xmax>
			<ymax>539.0</ymax>
		</bndbox>
	</object>
	<object>
		<name>seals</name>
		<pose>Unspecified</pose>
		<truncated>0</truncated>
		<difficult>0</difficult>
		<bndbox>
			<xmin>51.0</xmin>
			<ymin>389.0</ymin>
			<xmax>161.0</xmax>
			<ymax>499.0</ymax>
		</bndbox>
	</object>
	<object>
		<name>seals</name>
		<pose>Unspecified</pose>
		<truncated>0</truncated>
		<difficult>0</difficult>
		<bndbox>
			<xmin>53.0</xmin>
			<ymin>402.0</ymin>
			<xmax>133.0</xmax>
			<ymax>482.0</ymax>
		</bndbox>
	</object>
	<object>
		<name>seals</name>
		<pose>Unspecified</pose>
		<truncated>0</truncated>
		<difficult>0</difficult>
		<bndbox>
			<xmin>58.0</xmin>
			<ymin>459.0</ymin>
			<xmax>118.0</xmax>
			<ymax>519.0</ymax>
		</bndbox>
	</object>
	<object>
		<name>seals</name>
		<pose>Unspecified</pose>
		<truncated>0</truncated>
		<difficult>0</difficult>
		<bndbox>
			<xmin>59.0</xmin>
			<ymin>476.0</ymin>
			<xmax>139.0</xmax>
			<ymax>543.9</ymax>
		</bndbox>
	</object>
	<object>
		<name>seals</name>
		<pose>Unspecified</pose>
		<truncated>0</truncated>
		<difficult>0</difficult>
		<bndbox>
			<xmin>63.0</xmin>
			<ymin>412.0</ymin>
			<xmax>123.0</xmax>
			<ymax>472.0</ymax>
		</bndbox>
	</object>
	<object>
		<name>seals</name>
		<pose>Unspecified</pose>
		<truncated>0</truncated>
		<difficult>0</difficult>
		<bndbox>
			<xmin>65.0</xmin>
			<ymin>444.0</ymin>
			<xmax>145.0</xmax>
			<ymax>524.0</ymax>
		</bndbox>
	</object>
	<object>
		<name>seals</name>
		<pose>Unspecified</pose>
		<truncated>0</truncated>
		<difficult>0</difficult>
		<bndbox>
			<xmin>66.0</xmin>
			<ymin>404.0</ymin>
			<xmax>146.0</xmax>
			<ymax>484.0</ymax>
		</bndbox>
	</object>
	<object>
		<name>seals</name>
		<pose>Unspecified</pose>
		<truncated>0</truncated>
		<difficult>0</difficult>
		<bndbox>
			<xmin>67.0</xmin>
			<ymin>463.0</ymin>
			<xmax>177.0</xmax>
			<ymax>543.9</ymax>
		</bndbox>
	</object>
	<object>
		<name>seals</name>
		<pose>Unspecified</pose>
		<truncated>0</truncated>
		<difficult>0</difficult>
		<bndbox>
			<xmin>69.0</xmin>
			<ymin>486.0</ymin>
			<xmax>129.0</xmax>
			<ymax>543.9</ymax>
		</bndbox>
	</object>
	<object>
		<name>seals</name>
		<pose>Unspecified</pose>
		<truncated>0</truncated>
		<difficult>0</difficult>
		<bndbox>
			<xmin>73.0</xmin>
			<ymin>379.0</ymin>
			<xmax>183.0</xmax>
			<ymax>489.0</ymax>
		</bndbox>
	</object>
	<object>
		<name>seals</name>
		<pose>Unspecified</pose>
		<truncated>0</truncated>
		<difficult>0</difficult>
		<bndbox>
			<xmin>75.0</xmin>
			<ymin>454.0</ymin>
			<xmax>135.0</xmax>
			<ymax>514.0</ymax>
		</bndbox>
	</object>
	<object>
		<name>seals</name>
		<pose>Unspecified</pose>
		<truncated>0</truncated>
		<difficult>0</difficult>
		<bndbox>
			<xmin>76.0</xmin>
			<ymin>414.0</ymin>
			<xmax>136.0</xmax>
			<ymax>474.0</ymax>
		</bndbox>
	</object>
	<object>
		<name>seals</name>
		<pose>Unspecified</pose>
		<truncated>0</truncated>
		<difficult>0</difficult>
		<bndbox>
			<xmin>82.0</xmin>
			<ymin>478.0</ymin>
			<xmax>162.0</xmax>
			<ymax>543.9</ymax>
		</bndbox>
	</object>
	<object>
		<name>seals</name>
		<pose>Unspecified</pose>
		<truncated>0</truncated>
		<difficult>0</difficult>
		<bndbox>
			<xmin>88.0</xmin>
			<ymin>394.0</ymin>
			<xmax>168.0</xmax>
			<ymax>474.0</ymax>
		</bndbox>
	</object>
	<object>
		<name>seals</name>
		<pose>Unspecified</pose>
		<truncated>0</truncated>
		<difficult>0</difficult>
		<bndbox>
			<xmin>92.0</xmin>
			<ymin>488.0</ymin>
			<xmax>152.0</xmax>
			<ymax>543.9</ymax>
		</bndbox>
	</object>
	<object>
		<name>seals</name>
		<pose>Unspecified</pose>
		<truncated>0</truncated>
		<difficult>0</difficult>
		<bndbox>
			<xmin>98.0</xmin>
			<ymin>404.0</ymin>
			<xmax>158.0</xmax>
			<ymax>464.0</ymax>
		</bndbox>
	</object>
	<object>
		<name>seals</name>
		<pose>Unspecified</pose>
		<truncated>0</truncated>
		<difficult>0</difficult>
		<bndbox>
			<xmin>107.0</xmin>
			<ymin>374.0</ymin>
			<xmax>217.0</xmax>
			<ymax>484.0</ymax>
		</bndbox>
	</object>
	<object>
		<name>seals</name>
		<pose>Unspecified</pose>
		<truncated>0</truncated>
		<difficult>0</difficult>
		<bndbox>
			<xmin>122.0</xmin>
			<ymin>389.0</ymin>
			<xmax>202.0</xmax>
			<ymax>469.0</ymax>
		</bndbox>
	</object>
	<object>
		<name>seals</name>
		<pose>Unspecified</pose>
		<truncated>0</truncated>
		<difficult>0</difficult>
		<bndbox>
			<xmin>132.0</xmin>
			<ymin>399.0</ymin>
			<xmax>192.0</xmax>
			<ymax>459.0</ymax>
		</bndbox>
	</object>
	<object>
		<name>seals</name>
		<pose>Unspecified</pose>
		<truncated>0</truncated>
		<difficult>0</difficult>
		<bndbox>
			<xmin>168.0</xmin>
			<ymin>392.0</ymin>
			<xmax>278.0</xmax>
			<ymax>502.0</ymax>
		</bndbox>
	</object>
	<object>
		<name>seals</name>
		<pose>Unspecified</pose>
		<truncated>0</truncated>
		<difficult>0</difficult>
		<bndbox>
			<xmin>183.0</xmin>
			<ymin>407.0</ymin>
			<xmax>263.0</xmax>
			<ymax>487.0</ymax>
		</bndbox>
	</object>
	<object>
		<name>seals</name>
		<pose>Unspecified</pose>
		<truncated>0</truncated>
		<difficult>0</difficult>
		<bndbox>
			<xmin>193.0</xmin>
			<ymin>417.0</ymin>
			<xmax>253.0</xmax>
			<ymax>477.0</ymax>
		</bndbox>
	</object>
	<object>
		<name>seals</name>
		<pose>Unspecified</pose>
		<truncated>0</truncated>
		<difficult>0</difficult>
		<bndbox>
			<xmin>200.0</xmin>
			<ymin>444.0</ymin>
			<xmax>310.0</xmax>
			<ymax>543.9</ymax>
		</bndbox>
	</object>
	<object>
		<name>seals</name>
		<pose>Unspecified</pose>
		<truncated>0</truncated>
		<difficult>0</difficult>
		<bndbox>
			<xmin>215.0</xmin>
			<ymin>459.0</ymin>
			<xmax>295.0</xmax>
			<ymax>539.0</ymax>
		</bndbox>
	</object>
	<object>
		<name>seals</name>
		<pose>Unspecified</pose>
		<truncated>0</truncated>
		<difficult>0</difficult>
		<bndbox>
			<xmin>224.0</xmin>
			<ymin>409.0</ymin>
			<xmax>334.0</xmax>
			<ymax>519.0</ymax>
		</bndbox>
	</object>
	<object>
		<name>seals</name>
		<pose>Unspecified</pose>
		<truncated>0</truncated>
		<difficult>0</difficult>
		<bndbox>
			<xmin>225.0</xmin>
			<ymin>469.0</ymin>
			<xmax>285.0</xmax>
			<ymax>529.0</ymax>
		</bndbox>
	</object>
	<object>
		<name>seals</name>
		<pose>Unspecified</pose>
		<truncated>0</truncated>
		<difficult>0</difficult>
		<bndbox>
			<xmin>239.0</xmin>
			<ymin>424.0</ymin>
			<xmax>319.0</xmax>
			<ymax>504.0</ymax>
		</bndbox>
	</object>
	<object>
		<name>seals</name>
		<pose>Unspecified</pose>
		<truncated>0</truncated>
		<difficult>0</difficult>
		<bndbox>
			<xmin>249.0</xmin>
			<ymin>434.0</ymin>
			<xmax>309.0</xmax>
			<ymax>494.0</ymax>
		</bndbox>
	</object>
	<object>
		<name>seals</name>
		<pose>Unspecified</pose>
		<truncated>0</truncated>
		<difficult>0</difficult>
		<bndbox>
			<xmin>287.0</xmin>
			<ymin>382.0</ymin>
			<xmax>397.0</xmax>
			<ymax>492.0</ymax>
		</bndbox>
	</object>
	<object>
		<name>seals</name>
		<pose>Unspecified</pose>
		<truncated>0</truncated>
		<difficult>0</difficult>
		<bndbox>
			<xmin>302.0</xmin>
			<ymin>397.0</ymin>
			<xmax>382.0</xmax>
			<ymax>477.0</ymax>
		</bndbox>
	</object>
	<object>
		<name>seals</name>
		<pose>Unspecified</pose>
		<truncated>0</truncated>
		<difficult>0</difficult>
		<bndbox>
			<xmin>312.0</xmin>
			<ymin>407.0</ymin>
			<xmax>372.0</xmax>
			<ymax>467.0</ymax>
		</bndbox>
	</object>
	<object>
		<name>seals</name>
		<pose>Unspecified</pose>
		<truncated>0</truncated>
		<difficult>0</difficult>
		<bndbox>
			<xmin>441.0</xmin>
			<ymin>339.0</ymin>
			<xmax>543.9</xmax>
			<ymax>449.0</ymax>
		</bndbox>
	</object>
	<object>
		<name>seals</name>
		<pose>Unspecified</pose>
		<truncated>0</truncated>
		<difficult>0</difficult>
		<bndbox>
			<xmin>456.0</xmin>
			<ymin>354.0</ymin>
			<xmax>536.0</xmax>
			<ymax>434.0</ymax>
		</bndbox>
	</object>
	<object>
		<name>seals</name>
		<pose>Unspecified</pose>
		<truncated>0</truncated>
		<difficult>0</difficult>
		<bndbox>
			<xmin>466.0</xmin>
			<ymin>364.0</ymin>
			<xmax>526.0</xmax>
			<ymax>424.0</ymax>
		</bndbox>
	</object></annotation>