<annotation>
	<folder>seals</folder>
	<filename>919_33.jpg</filename>
	<source>
		<database>Source</database>
	</source>
	<size>
		<width>544</width>
		<height>544</height>
		<depth>3</depth>
	</size>
	<segmented>0</segmented>
	<object>
		<name>seals</name>
		<pose>Unspecified</pose>
		<truncated>0</truncated>
		<difficult>0</difficult>
		<bndbox>
			<xmin>29.0</xmin>
			<ymin>0.1</ymin>
			<xmax>139.0</xmax>
			<ymax>61.1</ymax>
		</bndbox>
	</object>
	<object>
		<name>seals</name>
		<pose>Unspecified</pose>
		<truncated>0</truncated>
		<difficult>0</difficult>
		<bndbox>
			<xmin>29.0</xmin>
			<ymin>16.0</ymin>
			<xmax>139.0</xmax>
			<ymax>126.0</ymax>
		</bndbox>
	</object>
	<object>
		<name>seals</name>
		<pose>Unspecified</pose>
		<truncated>0</truncated>
		<difficult>0</difficult>
		<bndbox>
			<xmin>44.0</xmin>
			<ymin>0.1</ymin>
			<xmax>124.0</xmax>
			<ymax>46.1</ymax>
		</bndbox>
	</object>
	<object>
		<name>seals</name>
		<pose>Unspecified</pose>
		<truncated>0</truncated>
		<difficult>0</difficult>
		<bndbox>
			<xmin>44.0</xmin>
			<ymin>31.0</ymin>
			<xmax>124.0</xmax>
			<ymax>111.0</ymax>
		</bndbox>
	</object>
	<object>
		<name>seals</name>
		<pose>Unspecified</pose>
		<truncated>0</truncated>
		<difficult>0</difficult>
		<bndbox>
			<xmin>54.0</xmin>
			<ymin>0.1</ymin>
			<xmax>114.0</xmax>
			<ymax>36.1</ymax>
		</bndbox>
	</object>
	<object>
		<name>seals</name>
		<pose>Unspecified</pose>
		<truncated>0</truncated>
		<difficult>0</difficult>
		<bndbox>
			<xmin>54.0</xmin>
			<ymin>41.0</ymin>
			<xmax>114.0</xmax>
			<ymax>101.0</ymax>
		</bndbox>
	</object>
	<object>
		<name>seals</name>
		<pose>Unspecified</pose>
		<truncated>0</truncated>
		<difficult>0</difficult>
		<bndbox>
			<xmin>323.0</xmin>
			<ymin>232.0</ymin>
			<xmax>433.0</xmax>
			<ymax>342.0</ymax>
		</bndbox>
	</object>
	<object>
		<name>seals</name>
		<pose>Unspecified</pose>
		<truncated>0</truncated>
		<difficult>0</difficult>
		<bndbox>
			<xmin>323.0</xmin>
			<ymin>461.0</ymin>
			<xmax>433.0</xmax>
			<ymax>543.9</ymax>
		</bndbox>
	</object>
	<object>
		<name>seals</name>
		<pose>Unspecified</pose>
		<truncated>0</truncated>
		<difficult>0</difficult>
		<bndbox>
			<xmin>338.0</xmin>
			<ymin>247.0</ymin>
			<xmax>418.0</xmax>
			<ymax>327.0</ymax>
		</bndbox>
	</object>
	<object>
		<name>seals</name>
		<pose>Unspecified</pose>
		<truncated>0</truncated>
		<difficult>0</difficult>
		<bndbox>
			<xmin>338.0</xmin>
			<ymin>476.0</ymin>
			<xmax>418.0</xmax>
			<ymax>543.9</ymax>
		</bndbox>
	</object>
	<object>
		<name>seals</name>
		<pose>Unspecified</pose>
		<truncated>0</truncated>
		<difficult>0</difficult>
		<bndbox>
			<xmin>348.0</xmin>
			<ymin>257.0</ymin>
			<xmax>408.0</xmax>
			<ymax>317.0</ymax>
		</bndbox>
	</object>
	<object>
		<name>seals</name>
		<pose>Unspecified</pose>
		<truncated>0</truncated>
		<difficult>0</difficult>
		<bndbox>
			<xmin>348.0</xmin>
			<ymin>486.0</ymin>
			<xmax>408.0</xmax>
			<ymax>543.9</ymax>
		</bndbox>
	</object>
	<object>
		<name>seals</name>
		<pose>Unspecified</pose>
		<truncated>0</truncated>
		<difficult>0</difficult>
		<bndbox>
			<xmin>381.0</xmin>
			<ymin>0.1</ymin>
			<xmax>491.0</xmax>
			<ymax>104.1</ymax>
		</bndbox>
	</object>
	<object>
		<name>seals</name>
		<pose>Unspecified</pose>
		<truncated>0</truncated>
		<difficult>0</difficult>
		<bndbox>
			<xmin>396.0</xmin>
			<ymin>9.0</ymin>
			<xmax>476.0</xmax>
			<ymax>89.0</ymax>
		</bndbox>
	</object>
	<object>
		<name>seals</name>
		<pose>Unspecified</pose>
		<truncated>0</truncated>
		<difficult>0</difficult>
		<bndbox>
			<xmin>406.0</xmin>
			<ymin>19.0</ymin>
			<xmax>466.0</xmax>
			<ymax>79.0</ymax>
		</bndbox>
	</object>
	<object>
		<name>seals</name>
		<pose>Unspecified</pose>
		<truncated>0</truncated>
		<difficult>0</difficult>
		<bndbox>
			<xmin>417.0</xmin>
			<ymin>39.0</ymin>
			<xmax>527.0</xmax>
			<ymax>149.0</ymax>
		</bndbox>
	</object>
	<object>
		<name>seals</name>
		<pose>Unspecified</pose>
		<truncated>0</truncated>
		<difficult>0</difficult>
		<bndbox>
			<xmin>419.0</xmin>
			<ymin>0.1</ymin>
			<xmax>529.0</xmax>
			<ymax>68.1</ymax>
		</bndbox>
	</object>
	<object>
		<name>seals</name>
		<pose>Unspecified</pose>
		<truncated>0</truncated>
		<difficult>0</difficult>
		<bndbox>
			<xmin>427.0</xmin>
			<ymin>59.0</ymin>
			<xmax>537.0</xmax>
			<ymax>169.0</ymax>
		</bndbox>
	</object>
	<object>
		<name>seals</name>
		<pose>Unspecified</pose>
		<truncated>0</truncated>
		<difficult>0</difficult>
		<bndbox>
			<xmin>432.0</xmin>
			<ymin>54.0</ymin>
			<xmax>512.0</xmax>
			<ymax>134.0</ymax>
		</bndbox>
	</object>
	<object>
		<name>seals</name>
		<pose>Unspecified</pose>
		<truncated>0</truncated>
		<difficult>0</difficult>
		<bndbox>
			<xmin>433.0</xmin>
			<ymin>0.1</ymin>
			<xmax>543.0</xmax>
			<ymax>82.1</ymax>
		</bndbox>
	</object>
	<object>
		<name>seals</name>
		<pose>Unspecified</pose>
		<truncated>0</truncated>
		<difficult>0</difficult>
		<bndbox>
			<xmin>434.0</xmin>
			<ymin>0.1</ymin>
			<xmax>514.0</xmax>
			<ymax>53.1</ymax>
		</bndbox>
	</object>
	<object>
		<name>seals</name>
		<pose>Unspecified</pose>
		<truncated>0</truncated>
		<difficult>0</difficult>
		<bndbox>
			<xmin>442.0</xmin>
			<ymin>64.0</ymin>
			<xmax>502.0</xmax>
			<ymax>124.0</ymax>
		</bndbox>
	</object>
	<object>
		<name>seals</name>
		<pose>Unspecified</pose>
		<truncated>0</truncated>
		<difficult>0</difficult>
		<bndbox>
			<xmin>442.0</xmin>
			<ymin>74.0</ymin>
			<xmax>522.0</xmax>
			<ymax>154.0</ymax>
		</bndbox>
	</object>
	<object>
		<name>seals</name>
		<pose>Unspecified</pose>
		<truncated>0</truncated>
		<difficult>0</difficult>
		<bndbox>
			<xmin>444.0</xmin>
			<ymin>0.1</ymin>
			<xmax>504.0</xmax>
			<ymax>43.1</ymax>
		</bndbox>
	</object>
	<object>
		<name>seals</name>
		<pose>Unspecified</pose>
		<truncated>0</truncated>
		<difficult>0</difficult>
		<bndbox>
			<xmin>446.0</xmin>
			<ymin>0.1</ymin>
			<xmax>543.9</xmax>
			<ymax>68.1</ymax>
		</bndbox>
	</object>
	<object>
		<name>seals</name>
		<pose>Unspecified</pose>
		<truncated>0</truncated>
		<difficult>0</difficult>
		<bndbox>
			<xmin>448.0</xmin>
			<ymin>0.1</ymin>
			<xmax>528.0</xmax>
			<ymax>67.1</ymax>
		</bndbox>
	</object>
	<object>
		<name>seals</name>
		<pose>Unspecified</pose>
		<truncated>0</truncated>
		<difficult>0</difficult>
		<bndbox>
			<xmin>452.0</xmin>
			<ymin>84.0</ymin>
			<xmax>512.0</xmax>
			<ymax>144.0</ymax>
		</bndbox>
	</object>
	<object>
		<name>seals</name>
		<pose>Unspecified</pose>
		<truncated>0</truncated>
		<difficult>0</difficult>
		<bndbox>
			<xmin>458.0</xmin>
			<ymin>0.1</ymin>
			<xmax>518.0</xmax>
			<ymax>57.1</ymax>
		</bndbox>
	</object>
	<object>
		<name>seals</name>
		<pose>Unspecified</pose>
		<truncated>0</truncated>
		<difficult>0</difficult>
		<bndbox>
			<xmin>461.0</xmin>
			<ymin>0.1</ymin>
			<xmax>541.0</xmax>
			<ymax>53.1</ymax>
		</bndbox>
	</object>
	<object>
		<name>seals</name>
		<pose>Unspecified</pose>
		<truncated>0</truncated>
		<difficult>0</difficult>
		<bndbox>
			<xmin>464.0</xmin>
			<ymin>5.0</ymin>
			<xmax>543.9</xmax>
			<ymax>115.0</ymax>
		</bndbox>
	</object>
	<object>
		<name>seals</name>
		<pose>Unspecified</pose>
		<truncated>0</truncated>
		<difficult>0</difficult>
		<bndbox>
			<xmin>469.0</xmin>
			<ymin>40.0</ymin>
			<xmax>543.9</xmax>
			<ymax>150.0</ymax>
		</bndbox>
	</object>
	<object>
		<name>seals</name>
		<pose>Unspecified</pose>
		<truncated>0</truncated>
		<difficult>0</difficult>
		<bndbox>
			<xmin>471.0</xmin>
			<ymin>0.1</ymin>
			<xmax>531.0</xmax>
			<ymax>43.1</ymax>
		</bndbox>
	</object>
	<object>
		<name>seals</name>
		<pose>Unspecified</pose>
		<truncated>0</truncated>
		<difficult>0</difficult>
		<bndbox>
			<xmin>475.0</xmin>
			<ymin>0.1</ymin>
			<xmax>543.9</xmax>
			<ymax>73.1</ymax>
		</bndbox>
	</object>
	<object>
		<name>seals</name>
		<pose>Unspecified</pose>
		<truncated>0</truncated>
		<difficult>0</difficult>
		<bndbox>
			<xmin>479.0</xmin>
			<ymin>20.0</ymin>
			<xmax>543.9</xmax>
			<ymax>100.0</ymax>
		</bndbox>
	</object>
	<object>
		<name>seals</name>
		<pose>Unspecified</pose>
		<truncated>0</truncated>
		<difficult>0</difficult>
		<bndbox>
			<xmin>484.0</xmin>
			<ymin>55.0</ymin>
			<xmax>543.9</xmax>
			<ymax>135.0</ymax>
		</bndbox>
	</object>
	<object>
		<name>seals</name>
		<pose>Unspecified</pose>
		<truncated>0</truncated>
		<difficult>0</difficult>
		<bndbox>
			<xmin>485.0</xmin>
			<ymin>0.1</ymin>
			<xmax>543.9</xmax>
			<ymax>61.1</ymax>
		</bndbox>
	</object>
	<object>
		<name>seals</name>
		<pose>Unspecified</pose>
		<truncated>0</truncated>
		<difficult>0</difficult>
		<bndbox>
			<xmin>489.0</xmin>
			<ymin>30.0</ymin>
			<xmax>543.9</xmax>
			<ymax>90.0</ymax>
		</bndbox>
	</object>
	<object>
		<name>seals</name>
		<pose>Unspecified</pose>
		<truncated>0</truncated>
		<difficult>0</difficult>
		<bndbox>
			<xmin>490.0</xmin>
			<ymin>0.1</ymin>
			<xmax>543.9</xmax>
			<ymax>58.1</ymax>
		</bndbox>
	</object>
	<object>
		<name>seals</name>
		<pose>Unspecified</pose>
		<truncated>0</truncated>
		<difficult>0</difficult>
		<bndbox>
			<xmin>494.0</xmin>
			<ymin>65.0</ymin>
			<xmax>543.9</xmax>
			<ymax>125.0</ymax>
		</bndbox>
	</object>
	<object>
		<name>seals</name>
		<pose>Unspecified</pose>
		<truncated>0</truncated>
		<difficult>0</difficult>
		<bndbox>
			<xmin>500.0</xmin>
			<ymin>0.1</ymin>
			<xmax>543.9</xmax>
			<ymax>46.1</ymax>
		</bndbox>
	</object>
	<object>
		<name>seals</name>
		<pose>Unspecified</pose>
		<truncated>0</truncated>
		<difficult>0</difficult>
		<bndbox>
			<xmin>500.0</xmin>
			<ymin>0.1</ymin>
			<xmax>543.9</xmax>
			<ymax>48.1</ymax>
		</bndbox>
	</object>
	<object>
		<name>seals</name>
		<pose>Unspecified</pose>
		<truncated>0</truncated>
		<difficult>0</difficult>
		<bndbox>
			<xmin>510.0</xmin>
			<ymin>0.1</ymin>
			<xmax>543.9</xmax>
			<ymax>36.1</ymax>
		</bndbox>
	</object></annotation>