<annotation>
	<folder>seals</folder>
	<filename>0_04.jpg</filename>
	<source>
		<database>Source</database>
	</source>
	<size>
		<width>544</width>
		<height>544</height>
		<depth>3</depth>
	</size>
	<segmented>0</segmented>
	<object>
		<name>seals</name>
		<pose>Unspecified</pose>
		<truncated>0</truncated>
		<difficult>0</difficult>
		<bndbox>
			<xmin>400.0</xmin>
			<ymin>197.0</ymin>
			<xmax>470.0</xmax>
			<ymax>267.0</ymax>
		</bndbox>
	</object>
	<object>
		<name>seals</name>
		<pose>Unspecified</pose>
		<truncated>0</truncated>
		<difficult>0</difficult>
		<bndbox>
			<xmin>460.0</xmin>
			<ymin>198.0</ymin>
			<xmax>530.0</xmax>
			<ymax>268.0</ymax>
		</bndbox>
	</object>
	<object>
		<name>seals</name>
		<pose>Unspecified</pose>
		<truncated>0</truncated>
		<difficult>0</difficult>
		<bndbox>
			<xmin>402.0</xmin>
			<ymin>284.0</ymin>
			<xmax>472.0</xmax>
			<ymax>354.0</ymax>
		</bndbox>
	</object>
	<object>
		<name>seals</name>
		<pose>Unspecified</pose>
		<truncated>0</truncated>
		<difficult>0</difficult>
		<bndbox>
			<xmin>463.0</xmin>
			<ymin>339.0</ymin>
			<xmax>533.0</xmax>
			<ymax>409.0</ymax>
		</bndbox>
	</object>
	<object>
		<name>seals</name>
		<pose>Unspecified</pose>
		<truncated>0</truncated>
		<difficult>0</difficult>
		<bndbox>
			<xmin>423.0</xmin>
			<ymin>242.0</ymin>
			<xmax>493.0</xmax>
			<ymax>312.0</ymax>
		</bndbox>
	</object></annotation>