<annotation>
	<folder>seals</folder>
	<filename>0_33.jpg</filename>
	<source>
		<database>Source</database>
	</source>
	<size>
		<width>544</width>
		<height>544</height>
		<depth>3</depth>
	</size>
	<segmented>0</segmented>
	<object>
		<name>seals</name>
		<pose>Unspecified</pose>
		<truncated>0</truncated>
		<difficult>0</difficult>
		<bndbox>
			<xmin>172.0</xmin>
			<ymin>0.0</ymin>
			<xmax>272.0</xmax>
			<ymax>50.0</ymax>
		</bndbox>
	</object>
	<object>
		<name>seals</name>
		<pose>Unspecified</pose>
		<truncated>0</truncated>
		<difficult>0</difficult>
		<bndbox>
			<xmin>316.0</xmin>
			<ymin>177.0</ymin>
			<xmax>416.0</xmax>
			<ymax>277.0</ymax>
		</bndbox>
	</object>
	<object>
		<name>seals</name>
		<pose>Unspecified</pose>
		<truncated>0</truncated>
		<difficult>0</difficult>
		<bndbox>
			<xmin>19.0</xmin>
			<ymin>232.0</ymin>
			<xmax>119.0</xmax>
			<ymax>332.0</ymax>
		</bndbox>
	</object>
	<object>
		<name>seals</name>
		<pose>Unspecified</pose>
		<truncated>0</truncated>
		<difficult>0</difficult>
		<bndbox>
			<xmin>285.0</xmin>
			<ymin>399.0</ymin>
			<xmax>385.0</xmax>
			<ymax>499.0</ymax>
		</bndbox>
	</object>
	<object>
		<name>seals</name>
		<pose>Unspecified</pose>
		<truncated>0</truncated>
		<difficult>0</difficult>
		<bndbox>
			<xmin>114.0</xmin>
			<ymin>0.0</ymin>
			<xmax>184.0</xmax>
			<ymax>42.0</ymax>
		</bndbox>
	</object>
	<object>
		<name>seals</name>
		<pose>Unspecified</pose>
		<truncated>0</truncated>
		<difficult>0</difficult>
		<bndbox>
			<xmin>288.0</xmin>
			<ymin>12.0</ymin>
			<xmax>358.0</xmax>
			<ymax>82.0</ymax>
		</bndbox>
	</object>
	<object>
		<name>seals</name>
		<pose>Unspecified</pose>
		<truncated>0</truncated>
		<difficult>0</difficult>
		<bndbox>
			<xmin>11.0</xmin>
			<ymin>20.0</ymin>
			<xmax>81.0</xmax>
			<ymax>90.0</ymax>
		</bndbox>
	</object>
	<object>
		<name>seals</name>
		<pose>Unspecified</pose>
		<truncated>0</truncated>
		<difficult>0</difficult>
		<bndbox>
			<xmin>0.0</xmin>
			<ymin>36.0</ymin>
			<xmax>38.0</xmax>
			<ymax>106.0</ymax>
		</bndbox>
	</object>
	<object>
		<name>seals</name>
		<pose>Unspecified</pose>
		<truncated>0</truncated>
		<difficult>0</difficult>
		<bndbox>
			<xmin>123.0</xmin>
			<ymin>39.0</ymin>
			<xmax>193.0</xmax>
			<ymax>109.0</ymax>
		</bndbox>
	</object>
	<object>
		<name>seals</name>
		<pose>Unspecified</pose>
		<truncated>0</truncated>
		<difficult>0</difficult>
		<bndbox>
			<xmin>166.0</xmin>
			<ymin>73.0</ymin>
			<xmax>236.0</xmax>
			<ymax>143.0</ymax>
		</bndbox>
	</object>
	<object>
		<name>seals</name>
		<pose>Unspecified</pose>
		<truncated>0</truncated>
		<difficult>0</difficult>
		<bndbox>
			<xmin>373.0</xmin>
			<ymin>87.0</ymin>
			<xmax>443.0</xmax>
			<ymax>157.0</ymax>
		</bndbox>
	</object>
	<object>
		<name>seals</name>
		<pose>Unspecified</pose>
		<truncated>0</truncated>
		<difficult>0</difficult>
		<bndbox>
			<xmin>108.0</xmin>
			<ymin>101.0</ymin>
			<xmax>178.0</xmax>
			<ymax>171.0</ymax>
		</bndbox>
	</object>
	<object>
		<name>seals</name>
		<pose>Unspecified</pose>
		<truncated>0</truncated>
		<difficult>0</difficult>
		<bndbox>
			<xmin>19.0</xmin>
			<ymin>105.0</ymin>
			<xmax>89.0</xmax>
			<ymax>175.0</ymax>
		</bndbox>
	</object>
	<object>
		<name>seals</name>
		<pose>Unspecified</pose>
		<truncated>0</truncated>
		<difficult>0</difficult>
		<bndbox>
			<xmin>428.0</xmin>
			<ymin>120.0</ymin>
			<xmax>498.0</xmax>
			<ymax>190.0</ymax>
		</bndbox>
	</object>
	<object>
		<name>seals</name>
		<pose>Unspecified</pose>
		<truncated>0</truncated>
		<difficult>0</difficult>
		<bndbox>
			<xmin>128.0</xmin>
			<ymin>143.0</ymin>
			<xmax>198.0</xmax>
			<ymax>213.0</ymax>
		</bndbox>
	</object>
	<object>
		<name>seals</name>
		<pose>Unspecified</pose>
		<truncated>0</truncated>
		<difficult>0</difficult>
		<bndbox>
			<xmin>306.0</xmin>
			<ymin>144.0</ymin>
			<xmax>376.0</xmax>
			<ymax>214.0</ymax>
		</bndbox>
	</object>
	<object>
		<name>seals</name>
		<pose>Unspecified</pose>
		<truncated>0</truncated>
		<difficult>0</difficult>
		<bndbox>
			<xmin>411.0</xmin>
			<ymin>168.0</ymin>
			<xmax>481.0</xmax>
			<ymax>238.0</ymax>
		</bndbox>
	</object>
	<object>
		<name>seals</name>
		<pose>Unspecified</pose>
		<truncated>0</truncated>
		<difficult>0</difficult>
		<bndbox>
			<xmin>378.0</xmin>
			<ymin>168.0</ymin>
			<xmax>448.0</xmax>
			<ymax>238.0</ymax>
		</bndbox>
	</object>
	<object>
		<name>seals</name>
		<pose>Unspecified</pose>
		<truncated>0</truncated>
		<difficult>0</difficult>
		<bndbox>
			<xmin>394.0</xmin>
			<ymin>209.0</ymin>
			<xmax>464.0</xmax>
			<ymax>279.0</ymax>
		</bndbox>
	</object>
	<object>
		<name>seals</name>
		<pose>Unspecified</pose>
		<truncated>0</truncated>
		<difficult>0</difficult>
		<bndbox>
			<xmin>454.0</xmin>
			<ymin>243.0</ymin>
			<xmax>524.0</xmax>
			<ymax>313.0</ymax>
		</bndbox>
	</object>
	<object>
		<name>seals</name>
		<pose>Unspecified</pose>
		<truncated>0</truncated>
		<difficult>0</difficult>
		<bndbox>
			<xmin>410.0</xmin>
			<ymin>269.0</ymin>
			<xmax>480.0</xmax>
			<ymax>339.0</ymax>
		</bndbox>
	</object>
	<object>
		<name>seals</name>
		<pose>Unspecified</pose>
		<truncated>0</truncated>
		<difficult>0</difficult>
		<bndbox>
			<xmin>485.0</xmin>
			<ymin>275.0</ymin>
			<xmax>544.0</xmax>
			<ymax>345.0</ymax>
		</bndbox>
	</object>
	<object>
		<name>seals</name>
		<pose>Unspecified</pose>
		<truncated>0</truncated>
		<difficult>0</difficult>
		<bndbox>
			<xmin>400.0</xmin>
			<ymin>303.0</ymin>
			<xmax>470.0</xmax>
			<ymax>373.0</ymax>
		</bndbox>
	</object>
	<object>
		<name>seals</name>
		<pose>Unspecified</pose>
		<truncated>0</truncated>
		<difficult>0</difficult>
		<bndbox>
			<xmin>109.0</xmin>
			<ymin>325.0</ymin>
			<xmax>179.0</xmax>
			<ymax>395.0</ymax>
		</bndbox>
	</object>
	<object>
		<name>seals</name>
		<pose>Unspecified</pose>
		<truncated>0</truncated>
		<difficult>0</difficult>
		<bndbox>
			<xmin>155.0</xmin>
			<ymin>347.0</ymin>
			<xmax>225.0</xmax>
			<ymax>417.0</ymax>
		</bndbox>
	</object>
	<object>
		<name>seals</name>
		<pose>Unspecified</pose>
		<truncated>0</truncated>
		<difficult>0</difficult>
		<bndbox>
			<xmin>448.0</xmin>
			<ymin>387.0</ymin>
			<xmax>518.0</xmax>
			<ymax>457.0</ymax>
		</bndbox>
	</object>
	<object>
		<name>seals</name>
		<pose>Unspecified</pose>
		<truncated>0</truncated>
		<difficult>0</difficult>
		<bndbox>
			<xmin>0.0</xmin>
			<ymin>392.0</ymin>
			<xmax>43.0</xmax>
			<ymax>462.0</ymax>
		</bndbox>
	</object>
	<object>
		<name>seals</name>
		<pose>Unspecified</pose>
		<truncated>0</truncated>
		<difficult>0</difficult>
		<bndbox>
			<xmin>31.0</xmin>
			<ymin>407.0</ymin>
			<xmax>101.0</xmax>
			<ymax>477.0</ymax>
		</bndbox>
	</object>
	<object>
		<name>seals</name>
		<pose>Unspecified</pose>
		<truncated>0</truncated>
		<difficult>0</difficult>
		<bndbox>
			<xmin>233.0</xmin>
			<ymin>412.0</ymin>
			<xmax>303.0</xmax>
			<ymax>482.0</ymax>
		</bndbox>
	</object>
	<object>
		<name>seals</name>
		<pose>Unspecified</pose>
		<truncated>0</truncated>
		<difficult>0</difficult>
		<bndbox>
			<xmin>373.0</xmin>
			<ymin>425.0</ymin>
			<xmax>443.0</xmax>
			<ymax>495.0</ymax>
		</bndbox>
	</object>
	<object>
		<name>seals</name>
		<pose>Unspecified</pose>
		<truncated>0</truncated>
		<difficult>0</difficult>
		<bndbox>
			<xmin>220.0</xmin>
			<ymin>488.0</ymin>
			<xmax>290.0</xmax>
			<ymax>544.0</ymax>
		</bndbox>
	</object>
	<object>
		<name>seals</name>
		<pose>Unspecified</pose>
		<truncated>0</truncated>
		<difficult>0</difficult>
		<bndbox>
			<xmin>331.0</xmin>
			<ymin>498.0</ymin>
			<xmax>401.0</xmax>
			<ymax>544.0</ymax>
		</bndbox>
	</object></annotation>