<annotation>
	<folder>seals</folder>
	<filename>102_82.jpg</filename>
	<source>
		<database>Source</database>
	</source>
	<size>
		<width>544</width>
		<height>544</height>
		<depth>3</depth>
	</size>
	<segmented>0</segmented>
	<object>
		<name>seals</name>
		<pose>Unspecified</pose>
		<truncated>0</truncated>
		<difficult>0</difficult>
		<bndbox>
			<xmin>156.0</xmin>
			<ymin>0.0</ymin>
			<xmax>226.0</xmax>
			<ymax>69.0</ymax>
		</bndbox>
	</object>
	<object>
		<name>seals</name>
		<pose>Unspecified</pose>
		<truncated>0</truncated>
		<difficult>0</difficult>
		<bndbox>
			<xmin>45.0</xmin>
			<ymin>101.0</ymin>
			<xmax>115.0</xmax>
			<ymax>171.0</ymax>
		</bndbox>
	</object>
	<object>
		<name>seals</name>
		<pose>Unspecified</pose>
		<truncated>0</truncated>
		<difficult>0</difficult>
		<bndbox>
			<xmin>450.0</xmin>
			<ymin>104.0</ymin>
			<xmax>520.0</xmax>
			<ymax>174.0</ymax>
		</bndbox>
	</object>
	<object>
		<name>seals</name>
		<pose>Unspecified</pose>
		<truncated>0</truncated>
		<difficult>0</difficult>
		<bndbox>
			<xmin>77.0</xmin>
			<ymin>157.0</ymin>
			<xmax>147.0</xmax>
			<ymax>227.0</ymax>
		</bndbox>
	</object>
	<object>
		<name>seals</name>
		<pose>Unspecified</pose>
		<truncated>0</truncated>
		<difficult>0</difficult>
		<bndbox>
			<xmin>165.0</xmin>
			<ymin>254.0</ymin>
			<xmax>235.0</xmax>
			<ymax>324.0</ymax>
		</bndbox>
	</object>
	<object>
		<name>seals</name>
		<pose>Unspecified</pose>
		<truncated>0</truncated>
		<difficult>0</difficult>
		<bndbox>
			<xmin>171.0</xmin>
			<ymin>446.0</ymin>
			<xmax>241.0</xmax>
			<ymax>516.0</ymax>
		</bndbox>
	</object>
	<object>
		<name>seals</name>
		<pose>Unspecified</pose>
		<truncated>0</truncated>
		<difficult>0</difficult>
		<bndbox>
			<xmin>312.0</xmin>
			<ymin>465.0</ymin>
			<xmax>382.0</xmax>
			<ymax>535.0</ymax>
		</bndbox>
	</object>
	<object>
		<name>seals</name>
		<pose>Unspecified</pose>
		<truncated>0</truncated>
		<difficult>0</difficult>
		<bndbox>
			<xmin>377.0</xmin>
			<ymin>6.0</ymin>
			<xmax>447.0</xmax>
			<ymax>76.0</ymax>
		</bndbox>
	</object></annotation>