<annotation>
	<folder>seals</folder>
	<filename>102_52.jpg</filename>
	<source>
		<database>Source</database>
	</source>
	<size>
		<width>544</width>
		<height>544</height>
		<depth>3</depth>
	</size>
	<segmented>0</segmented>
	<object>
		<name>seals</name>
		<pose>Unspecified</pose>
		<truncated>0</truncated>
		<difficult>0</difficult>
		<bndbox>
			<xmin>362.0</xmin>
			<ymin>44.0</ymin>
			<xmax>462.0</xmax>
			<ymax>144.0</ymax>
		</bndbox>
	</object>
	<object>
		<name>seals</name>
		<pose>Unspecified</pose>
		<truncated>0</truncated>
		<difficult>0</difficult>
		<bndbox>
			<xmin>44.0</xmin>
			<ymin>84.0</ymin>
			<xmax>144.0</xmax>
			<ymax>184.0</ymax>
		</bndbox>
	</object></annotation>