<annotation>
	<folder>seals</folder>
	<filename>102_15.jpg</filename>
	<source>
		<database>Source</database>
	</source>
	<size>
		<width>544</width>
		<height>544</height>
		<depth>3</depth>
	</size>
	<segmented>0</segmented>
	<object>
		<name>seals</name>
		<pose>Unspecified</pose>
		<truncated>0</truncated>
		<difficult>0</difficult>
		<bndbox>
			<xmin>135.0</xmin>
			<ymin>0.0</ymin>
			<xmax>205.0</xmax>
			<ymax>45.0</ymax>
		</bndbox>
	</object>
	<object>
		<name>seals</name>
		<pose>Unspecified</pose>
		<truncated>0</truncated>
		<difficult>0</difficult>
		<bndbox>
			<xmin>83.0</xmin>
			<ymin>140.0</ymin>
			<xmax>153.0</xmax>
			<ymax>210.0</ymax>
		</bndbox>
	</object></annotation>