<annotation>
	<folder>seals</folder>
	<filename>104_31.jpg</filename>
	<source>
		<database>Source</database>
	</source>
	<size>
		<width>544</width>
		<height>544</height>
		<depth>3</depth>
	</size>
	<segmented>0</segmented>
	<object>
		<name>seals</name>
		<pose>Unspecified</pose>
		<truncated>0</truncated>
		<difficult>0</difficult>
		<bndbox>
			<xmin>491.0</xmin>
			<ymin>7.0</ymin>
			<xmax>544.0</xmax>
			<ymax>77.0</ymax>
		</bndbox>
	</object>
	<object>
		<name>seals</name>
		<pose>Unspecified</pose>
		<truncated>0</truncated>
		<difficult>0</difficult>
		<bndbox>
			<xmin>487.0</xmin>
			<ymin>197.0</ymin>
			<xmax>544.0</xmax>
			<ymax>267.0</ymax>
		</bndbox>
	</object>
	<object>
		<name>seals</name>
		<pose>Unspecified</pose>
		<truncated>0</truncated>
		<difficult>0</difficult>
		<bndbox>
			<xmin>436.0</xmin>
			<ymin>328.0</ymin>
			<xmax>506.0</xmax>
			<ymax>398.0</ymax>
		</bndbox>
	</object>
	<object>
		<name>seals</name>
		<pose>Unspecified</pose>
		<truncated>0</truncated>
		<difficult>0</difficult>
		<bndbox>
			<xmin>408.0</xmin>
			<ymin>0.0</ymin>
			<xmax>478.0</xmax>
			<ymax>52.0</ymax>
		</bndbox>
	</object>
	<object>
		<name>seals</name>
		<pose>Unspecified</pose>
		<truncated>0</truncated>
		<difficult>0</difficult>
		<bndbox>
			<xmin>486.0</xmin>
			<ymin>285.0</ymin>
			<xmax>544.0</xmax>
			<ymax>355.0</ymax>
		</bndbox>
	</object>
	<object>
		<name>seals</name>
		<pose>Unspecified</pose>
		<truncated>0</truncated>
		<difficult>0</difficult>
		<bndbox>
			<xmin>428.0</xmin>
			<ymin>350.0</ymin>
			<xmax>498.0</xmax>
			<ymax>420.0</ymax>
		</bndbox>
	</object></annotation>