<annotation>
	<folder>seals</folder>
	<filename>112_41.jpg</filename>
	<source>
		<database>Source</database>
	</source>
	<size>
		<width>544</width>
		<height>544</height>
		<depth>3</depth>
	</size>
	<segmented>0</segmented>
	<object>
		<name>seals</name>
		<pose>Unspecified</pose>
		<truncated>0</truncated>
		<difficult>0</difficult>
		<bndbox>
			<xmin>271.0</xmin>
			<ymin>474.0</ymin>
			<xmax>351.0</xmax>
			<ymax>544.0</ymax>
		</bndbox>
	</object>
	<object>
		<name>seals</name>
		<pose>Unspecified</pose>
		<truncated>0</truncated>
		<difficult>0</difficult>
		<bndbox>
			<xmin>10.0</xmin>
			<ymin>260.0</ymin>
			<xmax>80.0</xmax>
			<ymax>330.0</ymax>
		</bndbox>
	</object>
	<object>
		<name>seals</name>
		<pose>Unspecified</pose>
		<truncated>0</truncated>
		<difficult>0</difficult>
		<bndbox>
			<xmin>0.0</xmin>
			<ymin>278.0</ymin>
			<xmax>48.0</xmax>
			<ymax>348.0</ymax>
		</bndbox>
	</object>
	<object>
		<name>seals</name>
		<pose>Unspecified</pose>
		<truncated>0</truncated>
		<difficult>0</difficult>
		<bndbox>
			<xmin>30.0</xmin>
			<ymin>379.0</ymin>
			<xmax>100.0</xmax>
			<ymax>449.0</ymax>
		</bndbox>
	</object>
	<object>
		<name>seals</name>
		<pose>Unspecified</pose>
		<truncated>0</truncated>
		<difficult>0</difficult>
		<bndbox>
			<xmin>0.0</xmin>
			<ymin>385.0</ymin>
			<xmax>51.0</xmax>
			<ymax>455.0</ymax>
		</bndbox>
	</object>
	<object>
		<name>seals</name>
		<pose>Unspecified</pose>
		<truncated>0</truncated>
		<difficult>0</difficult>
		<bndbox>
			<xmin>4.0</xmin>
			<ymin>406.0</ymin>
			<xmax>74.0</xmax>
			<ymax>476.0</ymax>
		</bndbox>
	</object>
	<object>
		<name>seals</name>
		<pose>Unspecified</pose>
		<truncated>0</truncated>
		<difficult>0</difficult>
		<bndbox>
			<xmin>0.0</xmin>
			<ymin>424.0</ymin>
			<xmax>42.0</xmax>
			<ymax>494.0</ymax>
		</bndbox>
	</object></annotation>