<annotation>
	<folder>seals</folder>
	<filename>112_22.jpg</filename>
	<source>
		<database>Source</database>
	</source>
	<size>
		<width>544</width>
		<height>544</height>
		<depth>3</depth>
	</size>
	<segmented>0</segmented>
	<object>
		<name>seals</name>
		<pose>Unspecified</pose>
		<truncated>0</truncated>
		<difficult>0</difficult>
		<bndbox>
			<xmin>239.0</xmin>
			<ymin>0.0</ymin>
			<xmax>339.0</xmax>
			<ymax>99.0</ymax>
		</bndbox>
	</object>
	<object>
		<name>seals</name>
		<pose>Unspecified</pose>
		<truncated>0</truncated>
		<difficult>0</difficult>
		<bndbox>
			<xmin>134.0</xmin>
			<ymin>0.0</ymin>
			<xmax>204.0</xmax>
			<ymax>38.0</ymax>
		</bndbox>
	</object>
	<object>
		<name>seals</name>
		<pose>Unspecified</pose>
		<truncated>0</truncated>
		<difficult>0</difficult>
		<bndbox>
			<xmin>182.0</xmin>
			<ymin>0.0</ymin>
			<xmax>252.0</xmax>
			<ymax>42.0</ymax>
		</bndbox>
	</object>
	<object>
		<name>seals</name>
		<pose>Unspecified</pose>
		<truncated>0</truncated>
		<difficult>0</difficult>
		<bndbox>
			<xmin>334.0</xmin>
			<ymin>0.0</ymin>
			<xmax>404.0</xmax>
			<ymax>60.0</ymax>
		</bndbox>
	</object>
	<object>
		<name>seals</name>
		<pose>Unspecified</pose>
		<truncated>0</truncated>
		<difficult>0</difficult>
		<bndbox>
			<xmin>139.0</xmin>
			<ymin>0.0</ymin>
			<xmax>209.0</xmax>
			<ymax>63.0</ymax>
		</bndbox>
	</object>
	<object>
		<name>seals</name>
		<pose>Unspecified</pose>
		<truncated>0</truncated>
		<difficult>0</difficult>
		<bndbox>
			<xmin>161.0</xmin>
			<ymin>6.0</ymin>
			<xmax>231.0</xmax>
			<ymax>76.0</ymax>
		</bndbox>
	</object>
	<object>
		<name>seals</name>
		<pose>Unspecified</pose>
		<truncated>0</truncated>
		<difficult>0</difficult>
		<bndbox>
			<xmin>66.0</xmin>
			<ymin>8.0</ymin>
			<xmax>136.0</xmax>
			<ymax>78.0</ymax>
		</bndbox>
	</object>
	<object>
		<name>seals</name>
		<pose>Unspecified</pose>
		<truncated>0</truncated>
		<difficult>0</difficult>
		<bndbox>
			<xmin>194.0</xmin>
			<ymin>9.0</ymin>
			<xmax>264.0</xmax>
			<ymax>79.0</ymax>
		</bndbox>
	</object>
	<object>
		<name>seals</name>
		<pose>Unspecified</pose>
		<truncated>0</truncated>
		<difficult>0</difficult>
		<bndbox>
			<xmin>213.0</xmin>
			<ymin>11.0</ymin>
			<xmax>283.0</xmax>
			<ymax>81.0</ymax>
		</bndbox>
	</object>
	<object>
		<name>seals</name>
		<pose>Unspecified</pose>
		<truncated>0</truncated>
		<difficult>0</difficult>
		<bndbox>
			<xmin>207.0</xmin>
			<ymin>26.0</ymin>
			<xmax>277.0</xmax>
			<ymax>96.0</ymax>
		</bndbox>
	</object>
	<object>
		<name>seals</name>
		<pose>Unspecified</pose>
		<truncated>0</truncated>
		<difficult>0</difficult>
		<bndbox>
			<xmin>105.0</xmin>
			<ymin>26.0</ymin>
			<xmax>175.0</xmax>
			<ymax>96.0</ymax>
		</bndbox>
	</object>
	<object>
		<name>seals</name>
		<pose>Unspecified</pose>
		<truncated>0</truncated>
		<difficult>0</difficult>
		<bndbox>
			<xmin>500.0</xmin>
			<ymin>29.0</ymin>
			<xmax>544.0</xmax>
			<ymax>99.0</ymax>
		</bndbox>
	</object>
	<object>
		<name>seals</name>
		<pose>Unspecified</pose>
		<truncated>0</truncated>
		<difficult>0</difficult>
		<bndbox>
			<xmin>389.0</xmin>
			<ymin>45.0</ymin>
			<xmax>459.0</xmax>
			<ymax>115.0</ymax>
		</bndbox>
	</object>
	<object>
		<name>seals</name>
		<pose>Unspecified</pose>
		<truncated>0</truncated>
		<difficult>0</difficult>
		<bndbox>
			<xmin>0.0</xmin>
			<ymin>55.0</ymin>
			<xmax>70.0</xmax>
			<ymax>125.0</ymax>
		</bndbox>
	</object>
	<object>
		<name>seals</name>
		<pose>Unspecified</pose>
		<truncated>0</truncated>
		<difficult>0</difficult>
		<bndbox>
			<xmin>95.0</xmin>
			<ymin>61.0</ymin>
			<xmax>165.0</xmax>
			<ymax>131.0</ymax>
		</bndbox>
	</object>
	<object>
		<name>seals</name>
		<pose>Unspecified</pose>
		<truncated>0</truncated>
		<difficult>0</difficult>
		<bndbox>
			<xmin>219.0</xmin>
			<ymin>63.0</ymin>
			<xmax>289.0</xmax>
			<ymax>133.0</ymax>
		</bndbox>
	</object>
	<object>
		<name>seals</name>
		<pose>Unspecified</pose>
		<truncated>0</truncated>
		<difficult>0</difficult>
		<bndbox>
			<xmin>467.0</xmin>
			<ymin>66.0</ymin>
			<xmax>537.0</xmax>
			<ymax>136.0</ymax>
		</bndbox>
	</object>
	<object>
		<name>seals</name>
		<pose>Unspecified</pose>
		<truncated>0</truncated>
		<difficult>0</difficult>
		<bndbox>
			<xmin>393.0</xmin>
			<ymin>82.0</ymin>
			<xmax>463.0</xmax>
			<ymax>152.0</ymax>
		</bndbox>
	</object>
	<object>
		<name>seals</name>
		<pose>Unspecified</pose>
		<truncated>0</truncated>
		<difficult>0</difficult>
		<bndbox>
			<xmin>432.0</xmin>
			<ymin>90.0</ymin>
			<xmax>502.0</xmax>
			<ymax>160.0</ymax>
		</bndbox>
	</object>
	<object>
		<name>seals</name>
		<pose>Unspecified</pose>
		<truncated>0</truncated>
		<difficult>0</difficult>
		<bndbox>
			<xmin>353.0</xmin>
			<ymin>92.0</ymin>
			<xmax>423.0</xmax>
			<ymax>162.0</ymax>
		</bndbox>
	</object>
	<object>
		<name>seals</name>
		<pose>Unspecified</pose>
		<truncated>0</truncated>
		<difficult>0</difficult>
		<bndbox>
			<xmin>429.0</xmin>
			<ymin>101.0</ymin>
			<xmax>499.0</xmax>
			<ymax>171.0</ymax>
		</bndbox>
	</object>
	<object>
		<name>seals</name>
		<pose>Unspecified</pose>
		<truncated>0</truncated>
		<difficult>0</difficult>
		<bndbox>
			<xmin>493.0</xmin>
			<ymin>105.0</ymin>
			<xmax>544.0</xmax>
			<ymax>175.0</ymax>
		</bndbox>
	</object>
	<object>
		<name>seals</name>
		<pose>Unspecified</pose>
		<truncated>0</truncated>
		<difficult>0</difficult>
		<bndbox>
			<xmin>416.0</xmin>
			<ymin>114.0</ymin>
			<xmax>486.0</xmax>
			<ymax>184.0</ymax>
		</bndbox>
	</object>
	<object>
		<name>seals</name>
		<pose>Unspecified</pose>
		<truncated>0</truncated>
		<difficult>0</difficult>
		<bndbox>
			<xmin>413.0</xmin>
			<ymin>123.0</ymin>
			<xmax>483.0</xmax>
			<ymax>193.0</ymax>
		</bndbox>
	</object>
	<object>
		<name>seals</name>
		<pose>Unspecified</pose>
		<truncated>0</truncated>
		<difficult>0</difficult>
		<bndbox>
			<xmin>3.0</xmin>
			<ymin>128.0</ymin>
			<xmax>73.0</xmax>
			<ymax>198.0</ymax>
		</bndbox>
	</object>
	<object>
		<name>seals</name>
		<pose>Unspecified</pose>
		<truncated>0</truncated>
		<difficult>0</difficult>
		<bndbox>
			<xmin>264.0</xmin>
			<ymin>145.0</ymin>
			<xmax>334.0</xmax>
			<ymax>215.0</ymax>
		</bndbox>
	</object>
	<object>
		<name>seals</name>
		<pose>Unspecified</pose>
		<truncated>0</truncated>
		<difficult>0</difficult>
		<bndbox>
			<xmin>467.0</xmin>
			<ymin>148.0</ymin>
			<xmax>537.0</xmax>
			<ymax>218.0</ymax>
		</bndbox>
	</object>
	<object>
		<name>seals</name>
		<pose>Unspecified</pose>
		<truncated>0</truncated>
		<difficult>0</difficult>
		<bndbox>
			<xmin>327.0</xmin>
			<ymin>149.0</ymin>
			<xmax>397.0</xmax>
			<ymax>219.0</ymax>
		</bndbox>
	</object>
	<object>
		<name>seals</name>
		<pose>Unspecified</pose>
		<truncated>0</truncated>
		<difficult>0</difficult>
		<bndbox>
			<xmin>384.0</xmin>
			<ymin>161.0</ymin>
			<xmax>454.0</xmax>
			<ymax>231.0</ymax>
		</bndbox>
	</object>
	<object>
		<name>seals</name>
		<pose>Unspecified</pose>
		<truncated>0</truncated>
		<difficult>0</difficult>
		<bndbox>
			<xmin>433.0</xmin>
			<ymin>177.0</ymin>
			<xmax>503.0</xmax>
			<ymax>247.0</ymax>
		</bndbox>
	</object>
	<object>
		<name>seals</name>
		<pose>Unspecified</pose>
		<truncated>0</truncated>
		<difficult>0</difficult>
		<bndbox>
			<xmin>507.0</xmin>
			<ymin>198.0</ymin>
			<xmax>544.0</xmax>
			<ymax>268.0</ymax>
		</bndbox>
	</object>
	<object>
		<name>seals</name>
		<pose>Unspecified</pose>
		<truncated>0</truncated>
		<difficult>0</difficult>
		<bndbox>
			<xmin>310.0</xmin>
			<ymin>202.0</ymin>
			<xmax>380.0</xmax>
			<ymax>272.0</ymax>
		</bndbox>
	</object>
	<object>
		<name>seals</name>
		<pose>Unspecified</pose>
		<truncated>0</truncated>
		<difficult>0</difficult>
		<bndbox>
			<xmin>392.0</xmin>
			<ymin>209.0</ymin>
			<xmax>462.0</xmax>
			<ymax>279.0</ymax>
		</bndbox>
	</object>
	<object>
		<name>seals</name>
		<pose>Unspecified</pose>
		<truncated>0</truncated>
		<difficult>0</difficult>
		<bndbox>
			<xmin>433.0</xmin>
			<ymin>216.0</ymin>
			<xmax>503.0</xmax>
			<ymax>286.0</ymax>
		</bndbox>
	</object>
	<object>
		<name>seals</name>
		<pose>Unspecified</pose>
		<truncated>0</truncated>
		<difficult>0</difficult>
		<bndbox>
			<xmin>372.0</xmin>
			<ymin>224.0</ymin>
			<xmax>442.0</xmax>
			<ymax>294.0</ymax>
		</bndbox>
	</object>
	<object>
		<name>seals</name>
		<pose>Unspecified</pose>
		<truncated>0</truncated>
		<difficult>0</difficult>
		<bndbox>
			<xmin>475.0</xmin>
			<ymin>233.0</ymin>
			<xmax>544.0</xmax>
			<ymax>303.0</ymax>
		</bndbox>
	</object>
	<object>
		<name>seals</name>
		<pose>Unspecified</pose>
		<truncated>0</truncated>
		<difficult>0</difficult>
		<bndbox>
			<xmin>496.0</xmin>
			<ymin>460.0</ymin>
			<xmax>544.0</xmax>
			<ymax>530.0</ymax>
		</bndbox>
	</object>
	<object>
		<name>seals</name>
		<pose>Unspecified</pose>
		<truncated>0</truncated>
		<difficult>0</difficult>
		<bndbox>
			<xmin>208.0</xmin>
			<ymin>0.0</ymin>
			<xmax>278.0</xmax>
			<ymax>42.0</ymax>
		</bndbox>
	</object>
	<object>
		<name>seals</name>
		<pose>Unspecified</pose>
		<truncated>0</truncated>
		<difficult>0</difficult>
		<bndbox>
			<xmin>8.0</xmin>
			<ymin>0.0</ymin>
			<xmax>78.0</xmax>
			<ymax>52.0</ymax>
		</bndbox>
	</object>
	<object>
		<name>seals</name>
		<pose>Unspecified</pose>
		<truncated>0</truncated>
		<difficult>0</difficult>
		<bndbox>
			<xmin>68.0</xmin>
			<ymin>26.0</ymin>
			<xmax>138.0</xmax>
			<ymax>96.0</ymax>
		</bndbox>
	</object>
	<object>
		<name>seals</name>
		<pose>Unspecified</pose>
		<truncated>0</truncated>
		<difficult>0</difficult>
		<bndbox>
			<xmin>50.0</xmin>
			<ymin>30.0</ymin>
			<xmax>120.0</xmax>
			<ymax>100.0</ymax>
		</bndbox>
	</object>
	<object>
		<name>seals</name>
		<pose>Unspecified</pose>
		<truncated>0</truncated>
		<difficult>0</difficult>
		<bndbox>
			<xmin>122.0</xmin>
			<ymin>39.0</ymin>
			<xmax>192.0</xmax>
			<ymax>109.0</ymax>
		</bndbox>
	</object>
	<object>
		<name>seals</name>
		<pose>Unspecified</pose>
		<truncated>0</truncated>
		<difficult>0</difficult>
		<bndbox>
			<xmin>32.0</xmin>
			<ymin>52.0</ymin>
			<xmax>102.0</xmax>
			<ymax>122.0</ymax>
		</bndbox>
	</object>
	<object>
		<name>seals</name>
		<pose>Unspecified</pose>
		<truncated>0</truncated>
		<difficult>0</difficult>
		<bndbox>
			<xmin>300.0</xmin>
			<ymin>52.0</ymin>
			<xmax>370.0</xmax>
			<ymax>122.0</ymax>
		</bndbox>
	</object>
	<object>
		<name>seals</name>
		<pose>Unspecified</pose>
		<truncated>0</truncated>
		<difficult>0</difficult>
		<bndbox>
			<xmin>332.0</xmin>
			<ymin>56.0</ymin>
			<xmax>402.0</xmax>
			<ymax>126.0</ymax>
		</bndbox>
	</object>
	<object>
		<name>seals</name>
		<pose>Unspecified</pose>
		<truncated>0</truncated>
		<difficult>0</difficult>
		<bndbox>
			<xmin>53.0</xmin>
			<ymin>78.0</ymin>
			<xmax>123.0</xmax>
			<ymax>148.0</ymax>
		</bndbox>
	</object>
	<object>
		<name>seals</name>
		<pose>Unspecified</pose>
		<truncated>0</truncated>
		<difficult>0</difficult>
		<bndbox>
			<xmin>83.0</xmin>
			<ymin>90.0</ymin>
			<xmax>153.0</xmax>
			<ymax>160.0</ymax>
		</bndbox>
	</object>
	<object>
		<name>seals</name>
		<pose>Unspecified</pose>
		<truncated>0</truncated>
		<difficult>0</difficult>
		<bndbox>
			<xmin>244.0</xmin>
			<ymin>90.0</ymin>
			<xmax>314.0</xmax>
			<ymax>160.0</ymax>
		</bndbox>
	</object>
	<object>
		<name>seals</name>
		<pose>Unspecified</pose>
		<truncated>0</truncated>
		<difficult>0</difficult>
		<bndbox>
			<xmin>314.0</xmin>
			<ymin>92.0</ymin>
			<xmax>384.0</xmax>
			<ymax>162.0</ymax>
		</bndbox>
	</object>
	<object>
		<name>seals</name>
		<pose>Unspecified</pose>
		<truncated>0</truncated>
		<difficult>0</difficult>
		<bndbox>
			<xmin>142.0</xmin>
			<ymin>104.0</ymin>
			<xmax>212.0</xmax>
			<ymax>174.0</ymax>
		</bndbox>
	</object>
	<object>
		<name>seals</name>
		<pose>Unspecified</pose>
		<truncated>0</truncated>
		<difficult>0</difficult>
		<bndbox>
			<xmin>172.0</xmin>
			<ymin>105.0</ymin>
			<xmax>242.0</xmax>
			<ymax>175.0</ymax>
		</bndbox>
	</object>
	<object>
		<name>seals</name>
		<pose>Unspecified</pose>
		<truncated>0</truncated>
		<difficult>0</difficult>
		<bndbox>
			<xmin>327.0</xmin>
			<ymin>107.0</ymin>
			<xmax>397.0</xmax>
			<ymax>177.0</ymax>
		</bndbox>
	</object>
	<object>
		<name>seals</name>
		<pose>Unspecified</pose>
		<truncated>0</truncated>
		<difficult>0</difficult>
		<bndbox>
			<xmin>306.0</xmin>
			<ymin>110.0</ymin>
			<xmax>376.0</xmax>
			<ymax>180.0</ymax>
		</bndbox>
	</object>
	<object>
		<name>seals</name>
		<pose>Unspecified</pose>
		<truncated>0</truncated>
		<difficult>0</difficult>
		<bndbox>
			<xmin>323.0</xmin>
			<ymin>133.0</ymin>
			<xmax>393.0</xmax>
			<ymax>203.0</ymax>
		</bndbox>
	</object>
	<object>
		<name>seals</name>
		<pose>Unspecified</pose>
		<truncated>0</truncated>
		<difficult>0</difficult>
		<bndbox>
			<xmin>468.0</xmin>
			<ymin>209.0</ymin>
			<xmax>538.0</xmax>
			<ymax>279.0</ymax>
		</bndbox>
	</object>
	<object>
		<name>seals</name>
		<pose>Unspecified</pose>
		<truncated>0</truncated>
		<difficult>0</difficult>
		<bndbox>
			<xmin>338.0</xmin>
			<ymin>230.0</ymin>
			<xmax>408.0</xmax>
			<ymax>300.0</ymax>
		</bndbox>
	</object>
	<object>
		<name>seals</name>
		<pose>Unspecified</pose>
		<truncated>0</truncated>
		<difficult>0</difficult>
		<bndbox>
			<xmin>71.0</xmin>
			<ymin>359.0</ymin>
			<xmax>141.0</xmax>
			<ymax>429.0</ymax>
		</bndbox>
	</object></annotation>