<annotation>
	<folder>seals</folder>
	<filename>114_74.jpg</filename>
	<source>
		<database>Source</database>
	</source>
	<size>
		<width>544</width>
		<height>544</height>
		<depth>3</depth>
	</size>
	<segmented>0</segmented>
	<object>
		<name>seals</name>
		<pose>Unspecified</pose>
		<truncated>0</truncated>
		<difficult>0</difficult>
		<bndbox>
			<xmin>471.0</xmin>
			<ymin>31.0</ymin>
			<xmax>544.0</xmax>
			<ymax>111.0</ymax>
		</bndbox>
	</object>
	<object>
		<name>seals</name>
		<pose>Unspecified</pose>
		<truncated>0</truncated>
		<difficult>0</difficult>
		<bndbox>
			<xmin>353.0</xmin>
			<ymin>86.0</ymin>
			<xmax>433.0</xmax>
			<ymax>166.0</ymax>
		</bndbox>
	</object></annotation>