<annotation>
	<folder>seals</folder>
	<filename>115_20.jpg</filename>
	<source>
		<database>Source</database>
	</source>
	<size>
		<width>544</width>
		<height>544</height>
		<depth>3</depth>
	</size>
	<segmented>0</segmented>
	<object>
		<name>seals</name>
		<pose>Unspecified</pose>
		<truncated>0</truncated>
		<difficult>0</difficult>
		<bndbox>
			<xmin>66.0</xmin>
			<ymin>142.0</ymin>
			<xmax>146.0</xmax>
			<ymax>222.0</ymax>
		</bndbox>
	</object>
	<object>
		<name>seals</name>
		<pose>Unspecified</pose>
		<truncated>0</truncated>
		<difficult>0</difficult>
		<bndbox>
			<xmin>379.0</xmin>
			<ymin>182.0</ymin>
			<xmax>459.0</xmax>
			<ymax>262.0</ymax>
		</bndbox>
	</object>
	<object>
		<name>seals</name>
		<pose>Unspecified</pose>
		<truncated>0</truncated>
		<difficult>0</difficult>
		<bndbox>
			<xmin>62.0</xmin>
			<ymin>287.0</ymin>
			<xmax>142.0</xmax>
			<ymax>367.0</ymax>
		</bndbox>
	</object>
	<object>
		<name>seals</name>
		<pose>Unspecified</pose>
		<truncated>0</truncated>
		<difficult>0</difficult>
		<bndbox>
			<xmin>209.0</xmin>
			<ymin>134.0</ymin>
			<xmax>279.0</xmax>
			<ymax>204.0</ymax>
		</bndbox>
	</object>
	<object>
		<name>seals</name>
		<pose>Unspecified</pose>
		<truncated>0</truncated>
		<difficult>0</difficult>
		<bndbox>
			<xmin>199.0</xmin>
			<ymin>159.0</ymin>
			<xmax>269.0</xmax>
			<ymax>229.0</ymax>
		</bndbox>
	</object></annotation>