<annotation>
	<folder>seals</folder>
	<filename>116_83.jpg</filename>
	<source>
		<database>Source</database>
	</source>
	<size>
		<width>544</width>
		<height>544</height>
		<depth>3</depth>
	</size>
	<segmented>0</segmented>
	<object>
		<name>seals</name>
		<pose>Unspecified</pose>
		<truncated>0</truncated>
		<difficult>0</difficult>
		<bndbox>
			<xmin>374.0</xmin>
			<ymin>0.0</ymin>
			<xmax>444.0</xmax>
			<ymax>60.0</ymax>
		</bndbox>
	</object>
	<object>
		<name>seals</name>
		<pose>Unspecified</pose>
		<truncated>0</truncated>
		<difficult>0</difficult>
		<bndbox>
			<xmin>351.0</xmin>
			<ymin>0.0</ymin>
			<xmax>421.0</xmax>
			<ymax>39.0</ymax>
		</bndbox>
	</object></annotation>