<annotation>
	<folder>seals</folder>
	<filename>118_02.jpg</filename>
	<source>
		<database>Source</database>
	</source>
	<size>
		<width>544</width>
		<height>544</height>
		<depth>3</depth>
	</size>
	<segmented>0</segmented>
	<object>
		<name>seals</name>
		<pose>Unspecified</pose>
		<truncated>0</truncated>
		<difficult>0</difficult>
		<bndbox>
			<xmin>153.0</xmin>
			<ymin>428.0</ymin>
			<xmax>253.0</xmax>
			<ymax>528.0</ymax>
		</bndbox>
	</object>
	<object>
		<name>seals</name>
		<pose>Unspecified</pose>
		<truncated>0</truncated>
		<difficult>0</difficult>
		<bndbox>
			<xmin>206.0</xmin>
			<ymin>451.0</ymin>
			<xmax>276.0</xmax>
			<ymax>521.0</ymax>
		</bndbox>
	</object>
	<object>
		<name>seals</name>
		<pose>Unspecified</pose>
		<truncated>0</truncated>
		<difficult>0</difficult>
		<bndbox>
			<xmin>212.0</xmin>
			<ymin>496.0</ymin>
			<xmax>282.0</xmax>
			<ymax>544.0</ymax>
		</bndbox>
	</object>
	<object>
		<name>seals</name>
		<pose>Unspecified</pose>
		<truncated>0</truncated>
		<difficult>0</difficult>
		<bndbox>
			<xmin>174.0</xmin>
			<ymin>421.0</ymin>
			<xmax>244.0</xmax>
			<ymax>491.0</ymax>
		</bndbox>
	</object>
	<object>
		<name>seals</name>
		<pose>Unspecified</pose>
		<truncated>0</truncated>
		<difficult>0</difficult>
		<bndbox>
			<xmin>202.0</xmin>
			<ymin>421.0</ymin>
			<xmax>272.0</xmax>
			<ymax>491.0</ymax>
		</bndbox>
	</object>
	<object>
		<name>seals</name>
		<pose>Unspecified</pose>
		<truncated>0</truncated>
		<difficult>0</difficult>
		<bndbox>
			<xmin>195.0</xmin>
			<ymin>438.0</ymin>
			<xmax>265.0</xmax>
			<ymax>508.0</ymax>
		</bndbox>
	</object>
	<object>
		<name>seals</name>
		<pose>Unspecified</pose>
		<truncated>0</truncated>
		<difficult>0</difficult>
		<bndbox>
			<xmin>229.0</xmin>
			<ymin>450.0</ymin>
			<xmax>299.0</xmax>
			<ymax>520.0</ymax>
		</bndbox>
	</object>
	<object>
		<name>seals</name>
		<pose>Unspecified</pose>
		<truncated>0</truncated>
		<difficult>0</difficult>
		<bndbox>
			<xmin>210.0</xmin>
			<ymin>472.0</ymin>
			<xmax>280.0</xmax>
			<ymax>542.0</ymax>
		</bndbox>
	</object>
	<object>
		<name>seals</name>
		<pose>Unspecified</pose>
		<truncated>0</truncated>
		<difficult>0</difficult>
		<bndbox>
			<xmin>182.0</xmin>
			<ymin>506.0</ymin>
			<xmax>252.0</xmax>
			<ymax>544.0</ymax>
		</bndbox>
	</object></annotation>