<annotation>
	<folder>seals</folder>
	<filename>119_81.jpg</filename>
	<source>
		<database>Source</database>
	</source>
	<size>
		<width>544</width>
		<height>544</height>
		<depth>3</depth>
	</size>
	<segmented>0</segmented>
	<object>
		<name>seals</name>
		<pose>Unspecified</pose>
		<truncated>0</truncated>
		<difficult>0</difficult>
		<bndbox>
			<xmin>189.0</xmin>
			<ymin>225.0</ymin>
			<xmax>289.0</xmax>
			<ymax>325.0</ymax>
		</bndbox>
	</object>
	<object>
		<name>seals</name>
		<pose>Unspecified</pose>
		<truncated>0</truncated>
		<difficult>0</difficult>
		<bndbox>
			<xmin>0.0</xmin>
			<ymin>426.0</ymin>
			<xmax>91.0</xmax>
			<ymax>526.0</ymax>
		</bndbox>
	</object>
	<object>
		<name>seals</name>
		<pose>Unspecified</pose>
		<truncated>0</truncated>
		<difficult>0</difficult>
		<bndbox>
			<xmin>321.0</xmin>
			<ymin>0.0</ymin>
			<xmax>391.0</xmax>
			<ymax>64.0</ymax>
		</bndbox>
	</object>
	<object>
		<name>seals</name>
		<pose>Unspecified</pose>
		<truncated>0</truncated>
		<difficult>0</difficult>
		<bndbox>
			<xmin>176.0</xmin>
			<ymin>0.0</ymin>
			<xmax>246.0</xmax>
			<ymax>66.0</ymax>
		</bndbox>
	</object>
	<object>
		<name>seals</name>
		<pose>Unspecified</pose>
		<truncated>0</truncated>
		<difficult>0</difficult>
		<bndbox>
			<xmin>285.0</xmin>
			<ymin>18.0</ymin>
			<xmax>355.0</xmax>
			<ymax>88.0</ymax>
		</bndbox>
	</object>
	<object>
		<name>seals</name>
		<pose>Unspecified</pose>
		<truncated>0</truncated>
		<difficult>0</difficult>
		<bndbox>
			<xmin>437.0</xmin>
			<ymin>165.0</ymin>
			<xmax>507.0</xmax>
			<ymax>235.0</ymax>
		</bndbox>
	</object>
	<object>
		<name>seals</name>
		<pose>Unspecified</pose>
		<truncated>0</truncated>
		<difficult>0</difficult>
		<bndbox>
			<xmin>392.0</xmin>
			<ymin>418.0</ymin>
			<xmax>462.0</xmax>
			<ymax>488.0</ymax>
		</bndbox>
	</object></annotation>