<annotation>
	<folder>seals</folder>
	<filename>121_51.jpg</filename>
	<source>
		<database>Source</database>
	</source>
	<size>
		<width>544</width>
		<height>544</height>
		<depth>3</depth>
	</size>
	<segmented>0</segmented>
	<object>
		<name>seals</name>
		<pose>Unspecified</pose>
		<truncated>0</truncated>
		<difficult>0</difficult>
		<bndbox>
			<xmin>33.0</xmin>
			<ymin>331.0</ymin>
			<xmax>103.0</xmax>
			<ymax>401.0</ymax>
		</bndbox>
	</object>
	<object>
		<name>seals</name>
		<pose>Unspecified</pose>
		<truncated>0</truncated>
		<difficult>0</difficult>
		<bndbox>
			<xmin>125.0</xmin>
			<ymin>339.0</ymin>
			<xmax>195.0</xmax>
			<ymax>409.0</ymax>
		</bndbox>
	</object>
	<object>
		<name>seals</name>
		<pose>Unspecified</pose>
		<truncated>0</truncated>
		<difficult>0</difficult>
		<bndbox>
			<xmin>292.0</xmin>
			<ymin>457.0</ymin>
			<xmax>362.0</xmax>
			<ymax>527.0</ymax>
		</bndbox>
	</object>
	<object>
		<name>seals</name>
		<pose>Unspecified</pose>
		<truncated>0</truncated>
		<difficult>0</difficult>
		<bndbox>
			<xmin>38.0</xmin>
			<ymin>460.0</ymin>
			<xmax>108.0</xmax>
			<ymax>530.0</ymax>
		</bndbox>
	</object></annotation>