<annotation>
	<folder>seals</folder>
	<filename>121_32.jpg</filename>
	<source>
		<database>Source</database>
	</source>
	<size>
		<width>544</width>
		<height>544</height>
		<depth>3</depth>
	</size>
	<segmented>0</segmented>
	<object>
		<name>seals</name>
		<pose>Unspecified</pose>
		<truncated>0</truncated>
		<difficult>0</difficult>
		<bndbox>
			<xmin>104.0</xmin>
			<ymin>0.0</ymin>
			<xmax>174.0</xmax>
			<ymax>66.0</ymax>
		</bndbox>
	</object>
	<object>
		<name>seals</name>
		<pose>Unspecified</pose>
		<truncated>0</truncated>
		<difficult>0</difficult>
		<bndbox>
			<xmin>374.0</xmin>
			<ymin>55.0</ymin>
			<xmax>444.0</xmax>
			<ymax>125.0</ymax>
		</bndbox>
	</object>
	<object>
		<name>seals</name>
		<pose>Unspecified</pose>
		<truncated>0</truncated>
		<difficult>0</difficult>
		<bndbox>
			<xmin>297.0</xmin>
			<ymin>103.0</ymin>
			<xmax>367.0</xmax>
			<ymax>173.0</ymax>
		</bndbox>
	</object>
	<object>
		<name>seals</name>
		<pose>Unspecified</pose>
		<truncated>0</truncated>
		<difficult>0</difficult>
		<bndbox>
			<xmin>158.0</xmin>
			<ymin>200.0</ymin>
			<xmax>228.0</xmax>
			<ymax>270.0</ymax>
		</bndbox>
	</object>
	<object>
		<name>seals</name>
		<pose>Unspecified</pose>
		<truncated>0</truncated>
		<difficult>0</difficult>
		<bndbox>
			<xmin>165.0</xmin>
			<ymin>251.0</ymin>
			<xmax>235.0</xmax>
			<ymax>321.0</ymax>
		</bndbox>
	</object>
	<object>
		<name>seals</name>
		<pose>Unspecified</pose>
		<truncated>0</truncated>
		<difficult>0</difficult>
		<bndbox>
			<xmin>312.0</xmin>
			<ymin>371.0</ymin>
			<xmax>382.0</xmax>
			<ymax>441.0</ymax>
		</bndbox>
	</object>
	<object>
		<name>seals</name>
		<pose>Unspecified</pose>
		<truncated>0</truncated>
		<difficult>0</difficult>
		<bndbox>
			<xmin>341.0</xmin>
			<ymin>421.0</ymin>
			<xmax>411.0</xmax>
			<ymax>491.0</ymax>
		</bndbox>
	</object>
	<object>
		<name>seals</name>
		<pose>Unspecified</pose>
		<truncated>0</truncated>
		<difficult>0</difficult>
		<bndbox>
			<xmin>230.0</xmin>
			<ymin>444.0</ymin>
			<xmax>300.0</xmax>
			<ymax>514.0</ymax>
		</bndbox>
	</object>
	<object>
		<name>seals</name>
		<pose>Unspecified</pose>
		<truncated>0</truncated>
		<difficult>0</difficult>
		<bndbox>
			<xmin>237.0</xmin>
			<ymin>485.0</ymin>
			<xmax>307.0</xmax>
			<ymax>544.0</ymax>
		</bndbox>
	</object>
	<object>
		<name>seals</name>
		<pose>Unspecified</pose>
		<truncated>0</truncated>
		<difficult>0</difficult>
		<bndbox>
			<xmin>373.0</xmin>
			<ymin>489.0</ymin>
			<xmax>443.0</xmax>
			<ymax>544.0</ymax>
		</bndbox>
	</object></annotation>