<annotation>
	<folder>seals</folder>
	<filename>121_71.jpg</filename>
	<source>
		<database>Source</database>
	</source>
	<size>
		<width>544</width>
		<height>544</height>
		<depth>3</depth>
	</size>
	<segmented>0</segmented>
	<object>
		<name>seals</name>
		<pose>Unspecified</pose>
		<truncated>0</truncated>
		<difficult>0</difficult>
		<bndbox>
			<xmin>381.0</xmin>
			<ymin>0.0</ymin>
			<xmax>451.0</xmax>
			<ymax>41.0</ymax>
		</bndbox>
	</object>
	<object>
		<name>seals</name>
		<pose>Unspecified</pose>
		<truncated>0</truncated>
		<difficult>0</difficult>
		<bndbox>
			<xmin>171.0</xmin>
			<ymin>0.0</ymin>
			<xmax>241.0</xmax>
			<ymax>44.0</ymax>
		</bndbox>
	</object>
	<object>
		<name>seals</name>
		<pose>Unspecified</pose>
		<truncated>0</truncated>
		<difficult>0</difficult>
		<bndbox>
			<xmin>289.0</xmin>
			<ymin>0.0</ymin>
			<xmax>359.0</xmax>
			<ymax>45.0</ymax>
		</bndbox>
	</object>
	<object>
		<name>seals</name>
		<pose>Unspecified</pose>
		<truncated>0</truncated>
		<difficult>0</difficult>
		<bndbox>
			<xmin>0.0</xmin>
			<ymin>55.0</ymin>
			<xmax>57.0</xmax>
			<ymax>125.0</ymax>
		</bndbox>
	</object>
	<object>
		<name>seals</name>
		<pose>Unspecified</pose>
		<truncated>0</truncated>
		<difficult>0</difficult>
		<bndbox>
			<xmin>451.0</xmin>
			<ymin>140.0</ymin>
			<xmax>521.0</xmax>
			<ymax>210.0</ymax>
		</bndbox>
	</object>
	<object>
		<name>seals</name>
		<pose>Unspecified</pose>
		<truncated>0</truncated>
		<difficult>0</difficult>
		<bndbox>
			<xmin>183.0</xmin>
			<ymin>149.0</ymin>
			<xmax>253.0</xmax>
			<ymax>219.0</ymax>
		</bndbox>
	</object>
	<object>
		<name>seals</name>
		<pose>Unspecified</pose>
		<truncated>0</truncated>
		<difficult>0</difficult>
		<bndbox>
			<xmin>84.0</xmin>
			<ymin>170.0</ymin>
			<xmax>154.0</xmax>
			<ymax>240.0</ymax>
		</bndbox>
	</object>
	<object>
		<name>seals</name>
		<pose>Unspecified</pose>
		<truncated>0</truncated>
		<difficult>0</difficult>
		<bndbox>
			<xmin>7.0</xmin>
			<ymin>230.0</ymin>
			<xmax>77.0</xmax>
			<ymax>300.0</ymax>
		</bndbox>
	</object>
	<object>
		<name>seals</name>
		<pose>Unspecified</pose>
		<truncated>0</truncated>
		<difficult>0</difficult>
		<bndbox>
			<xmin>240.0</xmin>
			<ymin>339.0</ymin>
			<xmax>310.0</xmax>
			<ymax>409.0</ymax>
		</bndbox>
	</object>
	<object>
		<name>seals</name>
		<pose>Unspecified</pose>
		<truncated>0</truncated>
		<difficult>0</difficult>
		<bndbox>
			<xmin>188.0</xmin>
			<ymin>362.0</ymin>
			<xmax>258.0</xmax>
			<ymax>432.0</ymax>
		</bndbox>
	</object>
	<object>
		<name>seals</name>
		<pose>Unspecified</pose>
		<truncated>0</truncated>
		<difficult>0</difficult>
		<bndbox>
			<xmin>0.0</xmin>
			<ymin>443.0</ymin>
			<xmax>63.0</xmax>
			<ymax>513.0</ymax>
		</bndbox>
	</object>
	<object>
		<name>seals</name>
		<pose>Unspecified</pose>
		<truncated>0</truncated>
		<difficult>0</difficult>
		<bndbox>
			<xmin>57.0</xmin>
			<ymin>445.0</ymin>
			<xmax>127.0</xmax>
			<ymax>515.0</ymax>
		</bndbox>
	</object>
	<object>
		<name>seals</name>
		<pose>Unspecified</pose>
		<truncated>0</truncated>
		<difficult>0</difficult>
		<bndbox>
			<xmin>213.0</xmin>
			<ymin>207.0</ymin>
			<xmax>283.0</xmax>
			<ymax>277.0</ymax>
		</bndbox>
	</object>
	<object>
		<name>seals</name>
		<pose>Unspecified</pose>
		<truncated>0</truncated>
		<difficult>0</difficult>
		<bndbox>
			<xmin>114.0</xmin>
			<ymin>402.0</ymin>
			<xmax>184.0</xmax>
			<ymax>472.0</ymax>
		</bndbox>
	</object>
	<object>
		<name>seals</name>
		<pose>Unspecified</pose>
		<truncated>0</truncated>
		<difficult>0</difficult>
		<bndbox>
			<xmin>163.0</xmin>
			<ymin>468.0</ymin>
			<xmax>233.0</xmax>
			<ymax>538.0</ymax>
		</bndbox>
	</object></annotation>