<annotation>
	<folder>seals</folder>
	<filename>122_23.jpg</filename>
	<source>
		<database>Source</database>
	</source>
	<size>
		<width>544</width>
		<height>544</height>
		<depth>3</depth>
	</size>
	<segmented>0</segmented>
	<object>
		<name>seals</name>
		<pose>Unspecified</pose>
		<truncated>0</truncated>
		<difficult>0</difficult>
		<bndbox>
			<xmin>0.0</xmin>
			<ymin>0.0</ymin>
			<xmax>53.0</xmax>
			<ymax>57.0</ymax>
		</bndbox>
	</object>
	<object>
		<name>seals</name>
		<pose>Unspecified</pose>
		<truncated>0</truncated>
		<difficult>0</difficult>
		<bndbox>
			<xmin>164.0</xmin>
			<ymin>28.0</ymin>
			<xmax>244.0</xmax>
			<ymax>108.0</ymax>
		</bndbox>
	</object></annotation>