<annotation>
	<folder>seals</folder>
	<filename>122_24.jpg</filename>
	<source>
		<database>Source</database>
	</source>
	<size>
		<width>544</width>
		<height>544</height>
		<depth>3</depth>
	</size>
	<segmented>0</segmented>
	<object>
		<name>seals</name>
		<pose>Unspecified</pose>
		<truncated>0</truncated>
		<difficult>0</difficult>
		<bndbox>
			<xmin>75.0</xmin>
			<ymin>272.0</ymin>
			<xmax>155.0</xmax>
			<ymax>352.0</ymax>
		</bndbox>
	</object>
	<object>
		<name>seals</name>
		<pose>Unspecified</pose>
		<truncated>0</truncated>
		<difficult>0</difficult>
		<bndbox>
			<xmin>31.0</xmin>
			<ymin>175.0</ymin>
			<xmax>101.0</xmax>
			<ymax>245.0</ymax>
		</bndbox>
	</object></annotation>