<annotation>
	<folder>seals</folder>
	<filename>122_03.jpg</filename>
	<source>
		<database>Source</database>
	</source>
	<size>
		<width>544</width>
		<height>544</height>
		<depth>3</depth>
	</size>
	<segmented>0</segmented>
	<object>
		<name>seals</name>
		<pose>Unspecified</pose>
		<truncated>0</truncated>
		<difficult>0</difficult>
		<bndbox>
			<xmin>432.0</xmin>
			<ymin>25.0</ymin>
			<xmax>502.0</xmax>
			<ymax>95.0</ymax>
		</bndbox>
	</object>
	<object>
		<name>seals</name>
		<pose>Unspecified</pose>
		<truncated>0</truncated>
		<difficult>0</difficult>
		<bndbox>
			<xmin>396.0</xmin>
			<ymin>45.0</ymin>
			<xmax>466.0</xmax>
			<ymax>115.0</ymax>
		</bndbox>
	</object>
	<object>
		<name>seals</name>
		<pose>Unspecified</pose>
		<truncated>0</truncated>
		<difficult>0</difficult>
		<bndbox>
			<xmin>430.0</xmin>
			<ymin>90.0</ymin>
			<xmax>500.0</xmax>
			<ymax>160.0</ymax>
		</bndbox>
	</object>
	<object>
		<name>seals</name>
		<pose>Unspecified</pose>
		<truncated>0</truncated>
		<difficult>0</difficult>
		<bndbox>
			<xmin>426.0</xmin>
			<ymin>161.0</ymin>
			<xmax>496.0</xmax>
			<ymax>231.0</ymax>
		</bndbox>
	</object></annotation>