<annotation>
	<folder>seals</folder>
	<filename>124_42.jpg</filename>
	<source>
		<database>Source</database>
	</source>
	<size>
		<width>544</width>
		<height>544</height>
		<depth>3</depth>
	</size>
	<segmented>0</segmented>
	<object>
		<name>seals</name>
		<pose>Unspecified</pose>
		<truncated>0</truncated>
		<difficult>0</difficult>
		<bndbox>
			<xmin>184.0</xmin>
			<ymin>139.0</ymin>
			<xmax>284.0</xmax>
			<ymax>239.0</ymax>
		</bndbox>
	</object>
	<object>
		<name>seals</name>
		<pose>Unspecified</pose>
		<truncated>0</truncated>
		<difficult>0</difficult>
		<bndbox>
			<xmin>308.0</xmin>
			<ymin>310.0</ymin>
			<xmax>408.0</xmax>
			<ymax>410.0</ymax>
		</bndbox>
	</object>
	<object>
		<name>seals</name>
		<pose>Unspecified</pose>
		<truncated>0</truncated>
		<difficult>0</difficult>
		<bndbox>
			<xmin>422.0</xmin>
			<ymin>300.0</ymin>
			<xmax>492.0</xmax>
			<ymax>370.0</ymax>
		</bndbox>
	</object>
	<object>
		<name>seals</name>
		<pose>Unspecified</pose>
		<truncated>0</truncated>
		<difficult>0</difficult>
		<bndbox>
			<xmin>434.0</xmin>
			<ymin>324.0</ymin>
			<xmax>504.0</xmax>
			<ymax>394.0</ymax>
		</bndbox>
	</object>
	<object>
		<name>seals</name>
		<pose>Unspecified</pose>
		<truncated>0</truncated>
		<difficult>0</difficult>
		<bndbox>
			<xmin>425.0</xmin>
			<ymin>359.0</ymin>
			<xmax>495.0</xmax>
			<ymax>429.0</ymax>
		</bndbox>
	</object>
	<object>
		<name>seals</name>
		<pose>Unspecified</pose>
		<truncated>0</truncated>
		<difficult>0</difficult>
		<bndbox>
			<xmin>209.0</xmin>
			<ymin>441.0</ymin>
			<xmax>279.0</xmax>
			<ymax>511.0</ymax>
		</bndbox>
	</object>
	<object>
		<name>seals</name>
		<pose>Unspecified</pose>
		<truncated>0</truncated>
		<difficult>0</difficult>
		<bndbox>
			<xmin>450.0</xmin>
			<ymin>468.0</ymin>
			<xmax>520.0</xmax>
			<ymax>538.0</ymax>
		</bndbox>
	</object>
	<object>
		<name>seals</name>
		<pose>Unspecified</pose>
		<truncated>0</truncated>
		<difficult>0</difficult>
		<bndbox>
			<xmin>68.0</xmin>
			<ymin>487.0</ymin>
			<xmax>138.0</xmax>
			<ymax>544.0</ymax>
		</bndbox>
	</object>
	<object>
		<name>seals</name>
		<pose>Unspecified</pose>
		<truncated>0</truncated>
		<difficult>0</difficult>
		<bndbox>
			<xmin>26.0</xmin>
			<ymin>506.0</ymin>
			<xmax>96.0</xmax>
			<ymax>544.0</ymax>
		</bndbox>
	</object>
	<object>
		<name>seals</name>
		<pose>Unspecified</pose>
		<truncated>0</truncated>
		<difficult>0</difficult>
		<bndbox>
			<xmin>407.0</xmin>
			<ymin>284.0</ymin>
			<xmax>477.0</xmax>
			<ymax>354.0</ymax>
		</bndbox>
	</object>
	<object>
		<name>seals</name>
		<pose>Unspecified</pose>
		<truncated>0</truncated>
		<difficult>0</difficult>
		<bndbox>
			<xmin>411.0</xmin>
			<ymin>334.0</ymin>
			<xmax>481.0</xmax>
			<ymax>404.0</ymax>
		</bndbox>
	</object>
	<object>
		<name>seals</name>
		<pose>Unspecified</pose>
		<truncated>0</truncated>
		<difficult>0</difficult>
		<bndbox>
			<xmin>282.0</xmin>
			<ymin>407.0</ymin>
			<xmax>352.0</xmax>
			<ymax>477.0</ymax>
		</bndbox>
	</object>
	<object>
		<name>seals</name>
		<pose>Unspecified</pose>
		<truncated>0</truncated>
		<difficult>0</difficult>
		<bndbox>
			<xmin>274.0</xmin>
			<ymin>450.0</ymin>
			<xmax>344.0</xmax>
			<ymax>520.0</ymax>
		</bndbox>
	</object></annotation>