<annotation>
	<folder>seals</folder>
	<filename>124_13.jpg</filename>
	<source>
		<database>Source</database>
	</source>
	<size>
		<width>544</width>
		<height>544</height>
		<depth>3</depth>
	</size>
	<segmented>0</segmented>
	<object>
		<name>seals</name>
		<pose>Unspecified</pose>
		<truncated>0</truncated>
		<difficult>0</difficult>
		<bndbox>
			<xmin>453.0</xmin>
			<ymin>342.0</ymin>
			<xmax>544.0</xmax>
			<ymax>442.0</ymax>
		</bndbox>
	</object>
	<object>
		<name>seals</name>
		<pose>Unspecified</pose>
		<truncated>0</truncated>
		<difficult>0</difficult>
		<bndbox>
			<xmin>417.0</xmin>
			<ymin>325.0</ymin>
			<xmax>487.0</xmax>
			<ymax>395.0</ymax>
		</bndbox>
	</object>
	<object>
		<name>seals</name>
		<pose>Unspecified</pose>
		<truncated>0</truncated>
		<difficult>0</difficult>
		<bndbox>
			<xmin>412.0</xmin>
			<ymin>503.0</ymin>
			<xmax>482.0</xmax>
			<ymax>544.0</ymax>
		</bndbox>
	</object>
	<object>
		<name>seals</name>
		<pose>Unspecified</pose>
		<truncated>0</truncated>
		<difficult>0</difficult>
		<bndbox>
			<xmin>405.0</xmin>
			<ymin>320.0</ymin>
			<xmax>475.0</xmax>
			<ymax>390.0</ymax>
		</bndbox>
	</object></annotation>