<annotation>
	<folder>seals</folder>
	<filename>126_55.jpg</filename>
	<source>
		<database>Source</database>
	</source>
	<size>
		<width>544</width>
		<height>544</height>
		<depth>3</depth>
	</size>
	<segmented>0</segmented>
	<object>
		<name>seals</name>
		<pose>Unspecified</pose>
		<truncated>0</truncated>
		<difficult>0</difficult>
		<bndbox>
			<xmin>0.0</xmin>
			<ymin>22.0</ymin>
			<xmax>81.0</xmax>
			<ymax>122.0</ymax>
		</bndbox>
	</object>
	<object>
		<name>seals</name>
		<pose>Unspecified</pose>
		<truncated>0</truncated>
		<difficult>0</difficult>
		<bndbox>
			<xmin>327.0</xmin>
			<ymin>166.0</ymin>
			<xmax>427.0</xmax>
			<ymax>266.0</ymax>
		</bndbox>
	</object>
	<object>
		<name>seals</name>
		<pose>Unspecified</pose>
		<truncated>0</truncated>
		<difficult>0</difficult>
		<bndbox>
			<xmin>493.0</xmin>
			<ymin>3.0</ymin>
			<xmax>544.0</xmax>
			<ymax>73.0</ymax>
		</bndbox>
	</object>
	<object>
		<name>seals</name>
		<pose>Unspecified</pose>
		<truncated>0</truncated>
		<difficult>0</difficult>
		<bndbox>
			<xmin>341.0</xmin>
			<ymin>30.0</ymin>
			<xmax>411.0</xmax>
			<ymax>100.0</ymax>
		</bndbox>
	</object>
	<object>
		<name>seals</name>
		<pose>Unspecified</pose>
		<truncated>0</truncated>
		<difficult>0</difficult>
		<bndbox>
			<xmin>260.0</xmin>
			<ymin>68.0</ymin>
			<xmax>330.0</xmax>
			<ymax>138.0</ymax>
		</bndbox>
	</object>
	<object>
		<name>seals</name>
		<pose>Unspecified</pose>
		<truncated>0</truncated>
		<difficult>0</difficult>
		<bndbox>
			<xmin>306.0</xmin>
			<ymin>110.0</ymin>
			<xmax>376.0</xmax>
			<ymax>180.0</ymax>
		</bndbox>
	</object>
	<object>
		<name>seals</name>
		<pose>Unspecified</pose>
		<truncated>0</truncated>
		<difficult>0</difficult>
		<bndbox>
			<xmin>243.0</xmin>
			<ymin>202.0</ymin>
			<xmax>313.0</xmax>
			<ymax>272.0</ymax>
		</bndbox>
	</object>
	<object>
		<name>seals</name>
		<pose>Unspecified</pose>
		<truncated>0</truncated>
		<difficult>0</difficult>
		<bndbox>
			<xmin>346.0</xmin>
			<ymin>213.0</ymin>
			<xmax>416.0</xmax>
			<ymax>283.0</ymax>
		</bndbox>
	</object>
	<object>
		<name>seals</name>
		<pose>Unspecified</pose>
		<truncated>0</truncated>
		<difficult>0</difficult>
		<bndbox>
			<xmin>324.0</xmin>
			<ymin>254.0</ymin>
			<xmax>394.0</xmax>
			<ymax>324.0</ymax>
		</bndbox>
	</object>
	<object>
		<name>seals</name>
		<pose>Unspecified</pose>
		<truncated>0</truncated>
		<difficult>0</difficult>
		<bndbox>
			<xmin>473.0</xmin>
			<ymin>265.0</ymin>
			<xmax>543.0</xmax>
			<ymax>335.0</ymax>
		</bndbox>
	</object>
	<object>
		<name>seals</name>
		<pose>Unspecified</pose>
		<truncated>0</truncated>
		<difficult>0</difficult>
		<bndbox>
			<xmin>354.0</xmin>
			<ymin>0.0</ymin>
			<xmax>424.0</xmax>
			<ymax>66.0</ymax>
		</bndbox>
	</object></annotation>