<annotation>
	<folder>seals</folder>
	<filename>126_44.jpg</filename>
	<source>
		<database>Source</database>
	</source>
	<size>
		<width>544</width>
		<height>544</height>
		<depth>3</depth>
	</size>
	<segmented>0</segmented>
	<object>
		<name>seals</name>
		<pose>Unspecified</pose>
		<truncated>0</truncated>
		<difficult>0</difficult>
		<bndbox>
			<xmin>491.0</xmin>
			<ymin>379.0</ymin>
			<xmax>544.0</xmax>
			<ymax>479.0</ymax>
		</bndbox>
	</object>
	<object>
		<name>seals</name>
		<pose>Unspecified</pose>
		<truncated>0</truncated>
		<difficult>0</difficult>
		<bndbox>
			<xmin>351.0</xmin>
			<ymin>372.0</ymin>
			<xmax>421.0</xmax>
			<ymax>442.0</ymax>
		</bndbox>
	</object>
	<object>
		<name>seals</name>
		<pose>Unspecified</pose>
		<truncated>0</truncated>
		<difficult>0</difficult>
		<bndbox>
			<xmin>441.0</xmin>
			<ymin>425.0</ymin>
			<xmax>511.0</xmax>
			<ymax>495.0</ymax>
		</bndbox>
	</object></annotation>