<annotation>
	<folder>seals</folder>
	<filename>126_85.jpg</filename>
	<source>
		<database>Source</database>
	</source>
	<size>
		<width>544</width>
		<height>544</height>
		<depth>3</depth>
	</size>
	<segmented>0</segmented>
	<object>
		<name>seals</name>
		<pose>Unspecified</pose>
		<truncated>0</truncated>
		<difficult>0</difficult>
		<bndbox>
			<xmin>252.0</xmin>
			<ymin>56.0</ymin>
			<xmax>352.0</xmax>
			<ymax>156.0</ymax>
		</bndbox>
	</object>
	<object>
		<name>seals</name>
		<pose>Unspecified</pose>
		<truncated>0</truncated>
		<difficult>0</difficult>
		<bndbox>
			<xmin>162.0</xmin>
			<ymin>262.0</ymin>
			<xmax>262.0</xmax>
			<ymax>362.0</ymax>
		</bndbox>
	</object></annotation>