<annotation>
	<folder>seals</folder>
	<filename>126_83.jpg</filename>
	<source>
		<database>Source</database>
	</source>
	<size>
		<width>544</width>
		<height>544</height>
		<depth>3</depth>
	</size>
	<segmented>0</segmented>
	<object>
		<name>seals</name>
		<pose>Unspecified</pose>
		<truncated>0</truncated>
		<difficult>0</difficult>
		<bndbox>
			<xmin>101.0</xmin>
			<ymin>79.0</ymin>
			<xmax>201.0</xmax>
			<ymax>179.0</ymax>
		</bndbox>
	</object>
	<object>
		<name>seals</name>
		<pose>Unspecified</pose>
		<truncated>0</truncated>
		<difficult>0</difficult>
		<bndbox>
			<xmin>416.0</xmin>
			<ymin>94.0</ymin>
			<xmax>516.0</xmax>
			<ymax>194.0</ymax>
		</bndbox>
	</object>
	<object>
		<name>seals</name>
		<pose>Unspecified</pose>
		<truncated>0</truncated>
		<difficult>0</difficult>
		<bndbox>
			<xmin>82.0</xmin>
			<ymin>177.0</ymin>
			<xmax>182.0</xmax>
			<ymax>277.0</ymax>
		</bndbox>
	</object>
	<object>
		<name>seals</name>
		<pose>Unspecified</pose>
		<truncated>0</truncated>
		<difficult>0</difficult>
		<bndbox>
			<xmin>313.0</xmin>
			<ymin>0.0</ymin>
			<xmax>393.0</xmax>
			<ymax>59.0</ymax>
		</bndbox>
	</object>
	<object>
		<name>seals</name>
		<pose>Unspecified</pose>
		<truncated>0</truncated>
		<difficult>0</difficult>
		<bndbox>
			<xmin>218.0</xmin>
			<ymin>0.0</ymin>
			<xmax>298.0</xmax>
			<ymax>68.0</ymax>
		</bndbox>
	</object>
	<object>
		<name>seals</name>
		<pose>Unspecified</pose>
		<truncated>0</truncated>
		<difficult>0</difficult>
		<bndbox>
			<xmin>50.0</xmin>
			<ymin>151.0</ymin>
			<xmax>130.0</xmax>
			<ymax>231.0</ymax>
		</bndbox>
	</object>
	<object>
		<name>seals</name>
		<pose>Unspecified</pose>
		<truncated>0</truncated>
		<difficult>0</difficult>
		<bndbox>
			<xmin>204.0</xmin>
			<ymin>209.0</ymin>
			<xmax>284.0</xmax>
			<ymax>289.0</ymax>
		</bndbox>
	</object>
	<object>
		<name>seals</name>
		<pose>Unspecified</pose>
		<truncated>0</truncated>
		<difficult>0</difficult>
		<bndbox>
			<xmin>161.0</xmin>
			<ymin>242.0</ymin>
			<xmax>241.0</xmax>
			<ymax>322.0</ymax>
		</bndbox>
	</object>
	<object>
		<name>seals</name>
		<pose>Unspecified</pose>
		<truncated>0</truncated>
		<difficult>0</difficult>
		<bndbox>
			<xmin>118.0</xmin>
			<ymin>267.0</ymin>
			<xmax>198.0</xmax>
			<ymax>347.0</ymax>
		</bndbox>
	</object>
	<object>
		<name>seals</name>
		<pose>Unspecified</pose>
		<truncated>0</truncated>
		<difficult>0</difficult>
		<bndbox>
			<xmin>24.0</xmin>
			<ymin>380.0</ymin>
			<xmax>104.0</xmax>
			<ymax>460.0</ymax>
		</bndbox>
	</object>
	<object>
		<name>seals</name>
		<pose>Unspecified</pose>
		<truncated>0</truncated>
		<difficult>0</difficult>
		<bndbox>
			<xmin>8.0</xmin>
			<ymin>409.0</ymin>
			<xmax>88.0</xmax>
			<ymax>489.0</ymax>
		</bndbox>
	</object></annotation>