<annotation>
	<folder>seals</folder>
	<filename>130_12.jpg</filename>
	<source>
		<database>Source</database>
	</source>
	<size>
		<width>544</width>
		<height>544</height>
		<depth>3</depth>
	</size>
	<segmented>0</segmented>
	<object>
		<name>seals</name>
		<pose>Unspecified</pose>
		<truncated>0</truncated>
		<difficult>0</difficult>
		<bndbox>
			<xmin>232.0</xmin>
			<ymin>0.0</ymin>
			<xmax>332.0</xmax>
			<ymax>55.0</ymax>
		</bndbox>
	</object>
	<object>
		<name>seals</name>
		<pose>Unspecified</pose>
		<truncated>0</truncated>
		<difficult>0</difficult>
		<bndbox>
			<xmin>308.0</xmin>
			<ymin>0.0</ymin>
			<xmax>408.0</xmax>
			<ymax>78.0</ymax>
		</bndbox>
	</object>
	<object>
		<name>seals</name>
		<pose>Unspecified</pose>
		<truncated>0</truncated>
		<difficult>0</difficult>
		<bndbox>
			<xmin>303.0</xmin>
			<ymin>131.0</ymin>
			<xmax>403.0</xmax>
			<ymax>231.0</ymax>
		</bndbox>
	</object>
	<object>
		<name>seals</name>
		<pose>Unspecified</pose>
		<truncated>0</truncated>
		<difficult>0</difficult>
		<bndbox>
			<xmin>113.0</xmin>
			<ymin>299.0</ymin>
			<xmax>213.0</xmax>
			<ymax>399.0</ymax>
		</bndbox>
	</object>
	<object>
		<name>seals</name>
		<pose>Unspecified</pose>
		<truncated>0</truncated>
		<difficult>0</difficult>
		<bndbox>
			<xmin>405.0</xmin>
			<ymin>0.0</ymin>
			<xmax>485.0</xmax>
			<ymax>80.0</ymax>
		</bndbox>
	</object>
	<object>
		<name>seals</name>
		<pose>Unspecified</pose>
		<truncated>0</truncated>
		<difficult>0</difficult>
		<bndbox>
			<xmin>490.0</xmin>
			<ymin>27.0</ymin>
			<xmax>544.0</xmax>
			<ymax>107.0</ymax>
		</bndbox>
	</object>
	<object>
		<name>seals</name>
		<pose>Unspecified</pose>
		<truncated>0</truncated>
		<difficult>0</difficult>
		<bndbox>
			<xmin>432.0</xmin>
			<ymin>54.0</ymin>
			<xmax>512.0</xmax>
			<ymax>134.0</ymax>
		</bndbox>
	</object>
	<object>
		<name>seals</name>
		<pose>Unspecified</pose>
		<truncated>0</truncated>
		<difficult>0</difficult>
		<bndbox>
			<xmin>361.0</xmin>
			<ymin>100.0</ymin>
			<xmax>441.0</xmax>
			<ymax>180.0</ymax>
		</bndbox>
	</object>
	<object>
		<name>seals</name>
		<pose>Unspecified</pose>
		<truncated>0</truncated>
		<difficult>0</difficult>
		<bndbox>
			<xmin>469.0</xmin>
			<ymin>174.0</ymin>
			<xmax>544.0</xmax>
			<ymax>254.0</ymax>
		</bndbox>
	</object>
	<object>
		<name>seals</name>
		<pose>Unspecified</pose>
		<truncated>0</truncated>
		<difficult>0</difficult>
		<bndbox>
			<xmin>191.0</xmin>
			<ymin>308.0</ymin>
			<xmax>271.0</xmax>
			<ymax>388.0</ymax>
		</bndbox>
	</object>
	<object>
		<name>seals</name>
		<pose>Unspecified</pose>
		<truncated>0</truncated>
		<difficult>0</difficult>
		<bndbox>
			<xmin>149.0</xmin>
			<ymin>320.0</ymin>
			<xmax>229.0</xmax>
			<ymax>400.0</ymax>
		</bndbox>
	</object>
	<object>
		<name>seals</name>
		<pose>Unspecified</pose>
		<truncated>0</truncated>
		<difficult>0</difficult>
		<bndbox>
			<xmin>7.0</xmin>
			<ymin>346.0</ymin>
			<xmax>87.0</xmax>
			<ymax>426.0</ymax>
		</bndbox>
	</object>
	<object>
		<name>seals</name>
		<pose>Unspecified</pose>
		<truncated>0</truncated>
		<difficult>0</difficult>
		<bndbox>
			<xmin>101.0</xmin>
			<ymin>444.0</ymin>
			<xmax>181.0</xmax>
			<ymax>524.0</ymax>
		</bndbox>
	</object>
	<object>
		<name>seals</name>
		<pose>Unspecified</pose>
		<truncated>0</truncated>
		<difficult>0</difficult>
		<bndbox>
			<xmin>195.0</xmin>
			<ymin>463.0</ymin>
			<xmax>275.0</xmax>
			<ymax>543.0</ymax>
		</bndbox>
	</object>
	<object>
		<name>seals</name>
		<pose>Unspecified</pose>
		<truncated>0</truncated>
		<difficult>0</difficult>
		<bndbox>
			<xmin>111.0</xmin>
			<ymin>493.0</ymin>
			<xmax>191.0</xmax>
			<ymax>544.0</ymax>
		</bndbox>
	</object>
	<object>
		<name>seals</name>
		<pose>Unspecified</pose>
		<truncated>0</truncated>
		<difficult>0</difficult>
		<bndbox>
			<xmin>316.0</xmin>
			<ymin>16.0</ymin>
			<xmax>386.0</xmax>
			<ymax>86.0</ymax>
		</bndbox>
	</object>
	<object>
		<name>seals</name>
		<pose>Unspecified</pose>
		<truncated>0</truncated>
		<difficult>0</difficult>
		<bndbox>
			<xmin>427.0</xmin>
			<ymin>31.0</ymin>
			<xmax>497.0</xmax>
			<ymax>101.0</ymax>
		</bndbox>
	</object>
	<object>
		<name>seals</name>
		<pose>Unspecified</pose>
		<truncated>0</truncated>
		<difficult>0</difficult>
		<bndbox>
			<xmin>226.0</xmin>
			<ymin>98.0</ymin>
			<xmax>296.0</xmax>
			<ymax>168.0</ymax>
		</bndbox>
	</object>
	<object>
		<name>seals</name>
		<pose>Unspecified</pose>
		<truncated>0</truncated>
		<difficult>0</difficult>
		<bndbox>
			<xmin>200.0</xmin>
			<ymin>102.0</ymin>
			<xmax>270.0</xmax>
			<ymax>172.0</ymax>
		</bndbox>
	</object>
	<object>
		<name>seals</name>
		<pose>Unspecified</pose>
		<truncated>0</truncated>
		<difficult>0</difficult>
		<bndbox>
			<xmin>499.0</xmin>
			<ymin>112.0</ymin>
			<xmax>544.0</xmax>
			<ymax>182.0</ymax>
		</bndbox>
	</object>
	<object>
		<name>seals</name>
		<pose>Unspecified</pose>
		<truncated>0</truncated>
		<difficult>0</difficult>
		<bndbox>
			<xmin>82.0</xmin>
			<ymin>157.0</ymin>
			<xmax>152.0</xmax>
			<ymax>227.0</ymax>
		</bndbox>
	</object>
	<object>
		<name>seals</name>
		<pose>Unspecified</pose>
		<truncated>0</truncated>
		<difficult>0</difficult>
		<bndbox>
			<xmin>122.0</xmin>
			<ymin>163.0</ymin>
			<xmax>192.0</xmax>
			<ymax>233.0</ymax>
		</bndbox>
	</object>
	<object>
		<name>seals</name>
		<pose>Unspecified</pose>
		<truncated>0</truncated>
		<difficult>0</difficult>
		<bndbox>
			<xmin>177.0</xmin>
			<ymin>166.0</ymin>
			<xmax>247.0</xmax>
			<ymax>236.0</ymax>
		</bndbox>
	</object>
	<object>
		<name>seals</name>
		<pose>Unspecified</pose>
		<truncated>0</truncated>
		<difficult>0</difficult>
		<bndbox>
			<xmin>241.0</xmin>
			<ymin>175.0</ymin>
			<xmax>311.0</xmax>
			<ymax>245.0</ymax>
		</bndbox>
	</object>
	<object>
		<name>seals</name>
		<pose>Unspecified</pose>
		<truncated>0</truncated>
		<difficult>0</difficult>
		<bndbox>
			<xmin>266.0</xmin>
			<ymin>196.0</ymin>
			<xmax>336.0</xmax>
			<ymax>266.0</ymax>
		</bndbox>
	</object>
	<object>
		<name>seals</name>
		<pose>Unspecified</pose>
		<truncated>0</truncated>
		<difficult>0</difficult>
		<bndbox>
			<xmin>71.0</xmin>
			<ymin>201.0</ymin>
			<xmax>141.0</xmax>
			<ymax>271.0</ymax>
		</bndbox>
	</object>
	<object>
		<name>seals</name>
		<pose>Unspecified</pose>
		<truncated>0</truncated>
		<difficult>0</difficult>
		<bndbox>
			<xmin>223.0</xmin>
			<ymin>210.0</ymin>
			<xmax>293.0</xmax>
			<ymax>280.0</ymax>
		</bndbox>
	</object>
	<object>
		<name>seals</name>
		<pose>Unspecified</pose>
		<truncated>0</truncated>
		<difficult>0</difficult>
		<bndbox>
			<xmin>308.0</xmin>
			<ymin>223.0</ymin>
			<xmax>378.0</xmax>
			<ymax>293.0</ymax>
		</bndbox>
	</object>
	<object>
		<name>seals</name>
		<pose>Unspecified</pose>
		<truncated>0</truncated>
		<difficult>0</difficult>
		<bndbox>
			<xmin>146.0</xmin>
			<ymin>293.0</ymin>
			<xmax>216.0</xmax>
			<ymax>363.0</ymax>
		</bndbox>
	</object>
	<object>
		<name>seals</name>
		<pose>Unspecified</pose>
		<truncated>0</truncated>
		<difficult>0</difficult>
		<bndbox>
			<xmin>72.0</xmin>
			<ymin>298.0</ymin>
			<xmax>142.0</xmax>
			<ymax>368.0</ymax>
		</bndbox>
	</object>
	<object>
		<name>seals</name>
		<pose>Unspecified</pose>
		<truncated>0</truncated>
		<difficult>0</difficult>
		<bndbox>
			<xmin>20.0</xmin>
			<ymin>301.0</ymin>
			<xmax>90.0</xmax>
			<ymax>371.0</ymax>
		</bndbox>
	</object>
	<object>
		<name>seals</name>
		<pose>Unspecified</pose>
		<truncated>0</truncated>
		<difficult>0</difficult>
		<bndbox>
			<xmin>176.0</xmin>
			<ymin>362.0</ymin>
			<xmax>246.0</xmax>
			<ymax>432.0</ymax>
		</bndbox>
	</object>
	<object>
		<name>seals</name>
		<pose>Unspecified</pose>
		<truncated>0</truncated>
		<difficult>0</difficult>
		<bndbox>
			<xmin>299.0</xmin>
			<ymin>378.0</ymin>
			<xmax>369.0</xmax>
			<ymax>448.0</ymax>
		</bndbox>
	</object>
	<object>
		<name>seals</name>
		<pose>Unspecified</pose>
		<truncated>0</truncated>
		<difficult>0</difficult>
		<bndbox>
			<xmin>270.0</xmin>
			<ymin>426.0</ymin>
			<xmax>340.0</xmax>
			<ymax>496.0</ymax>
		</bndbox>
	</object>
	<object>
		<name>seals</name>
		<pose>Unspecified</pose>
		<truncated>0</truncated>
		<difficult>0</difficult>
		<bndbox>
			<xmin>189.0</xmin>
			<ymin>454.0</ymin>
			<xmax>259.0</xmax>
			<ymax>524.0</ymax>
		</bndbox>
	</object>
	<object>
		<name>seals</name>
		<pose>Unspecified</pose>
		<truncated>0</truncated>
		<difficult>0</difficult>
		<bndbox>
			<xmin>169.0</xmin>
			<ymin>497.0</ymin>
			<xmax>239.0</xmax>
			<ymax>544.0</ymax>
		</bndbox>
	</object>
	<object>
		<name>seals</name>
		<pose>Unspecified</pose>
		<truncated>0</truncated>
		<difficult>0</difficult>
		<bndbox>
			<xmin>223.0</xmin>
			<ymin>502.0</ymin>
			<xmax>293.0</xmax>
			<ymax>544.0</ymax>
		</bndbox>
	</object>
	<object>
		<name>seals</name>
		<pose>Unspecified</pose>
		<truncated>0</truncated>
		<difficult>0</difficult>
		<bndbox>
			<xmin>200.0</xmin>
			<ymin>508.0</ymin>
			<xmax>270.0</xmax>
			<ymax>544.0</ymax>
		</bndbox>
	</object>
	<object>
		<name>seals</name>
		<pose>Unspecified</pose>
		<truncated>0</truncated>
		<difficult>0</difficult>
		<bndbox>
			<xmin>280.0</xmin>
			<ymin>61.0</ymin>
			<xmax>350.0</xmax>
			<ymax>131.0</ymax>
		</bndbox>
	</object>
	<object>
		<name>seals</name>
		<pose>Unspecified</pose>
		<truncated>0</truncated>
		<difficult>0</difficult>
		<bndbox>
			<xmin>261.0</xmin>
			<ymin>69.0</ymin>
			<xmax>331.0</xmax>
			<ymax>139.0</ymax>
		</bndbox>
	</object>
	<object>
		<name>seals</name>
		<pose>Unspecified</pose>
		<truncated>0</truncated>
		<difficult>0</difficult>
		<bndbox>
			<xmin>207.0</xmin>
			<ymin>87.0</ymin>
			<xmax>277.0</xmax>
			<ymax>157.0</ymax>
		</bndbox>
	</object>
	<object>
		<name>seals</name>
		<pose>Unspecified</pose>
		<truncated>0</truncated>
		<difficult>0</difficult>
		<bndbox>
			<xmin>249.0</xmin>
			<ymin>106.0</ymin>
			<xmax>319.0</xmax>
			<ymax>176.0</ymax>
		</bndbox>
	</object>
	<object>
		<name>seals</name>
		<pose>Unspecified</pose>
		<truncated>0</truncated>
		<difficult>0</difficult>
		<bndbox>
			<xmin>152.0</xmin>
			<ymin>137.0</ymin>
			<xmax>222.0</xmax>
			<ymax>207.0</ymax>
		</bndbox>
	</object>
	<object>
		<name>seals</name>
		<pose>Unspecified</pose>
		<truncated>0</truncated>
		<difficult>0</difficult>
		<bndbox>
			<xmin>135.0</xmin>
			<ymin>145.0</ymin>
			<xmax>205.0</xmax>
			<ymax>215.0</ymax>
		</bndbox>
	</object>
	<object>
		<name>seals</name>
		<pose>Unspecified</pose>
		<truncated>0</truncated>
		<difficult>0</difficult>
		<bndbox>
			<xmin>334.0</xmin>
			<ymin>230.0</ymin>
			<xmax>404.0</xmax>
			<ymax>300.0</ymax>
		</bndbox>
	</object>
	<object>
		<name>seals</name>
		<pose>Unspecified</pose>
		<truncated>0</truncated>
		<difficult>0</difficult>
		<bndbox>
			<xmin>238.0</xmin>
			<ymin>318.0</ymin>
			<xmax>308.0</xmax>
			<ymax>388.0</ymax>
		</bndbox>
	</object></annotation>