<annotation>
	<folder>seals</folder>
	<filename>145_43.jpg</filename>
	<source>
		<database>Source</database>
	</source>
	<size>
		<width>544</width>
		<height>544</height>
		<depth>3</depth>
	</size>
	<segmented>0</segmented>
	<object>
		<name>seals</name>
		<pose>Unspecified</pose>
		<truncated>0</truncated>
		<difficult>0</difficult>
		<bndbox>
			<xmin>69.0</xmin>
			<ymin>0.0</ymin>
			<xmax>139.0</xmax>
			<ymax>39.0</ymax>
		</bndbox>
	</object>
	<object>
		<name>seals</name>
		<pose>Unspecified</pose>
		<truncated>0</truncated>
		<difficult>0</difficult>
		<bndbox>
			<xmin>459.0</xmin>
			<ymin>103.0</ymin>
			<xmax>529.0</xmax>
			<ymax>173.0</ymax>
		</bndbox>
	</object>
	<object>
		<name>seals</name>
		<pose>Unspecified</pose>
		<truncated>0</truncated>
		<difficult>0</difficult>
		<bndbox>
			<xmin>504.0</xmin>
			<ymin>85.0</ymin>
			<xmax>544.0</xmax>
			<ymax>155.0</ymax>
		</bndbox>
	</object></annotation>