<annotation>
	<folder>seals</folder>
	<filename>149_42.jpg</filename>
	<source>
		<database>Source</database>
	</source>
	<size>
		<width>544</width>
		<height>544</height>
		<depth>3</depth>
	</size>
	<segmented>0</segmented>
	<object>
		<name>seals</name>
		<pose>Unspecified</pose>
		<truncated>0</truncated>
		<difficult>0</difficult>
		<bndbox>
			<xmin>7.0</xmin>
			<ymin>195.0</ymin>
			<xmax>107.0</xmax>
			<ymax>295.0</ymax>
		</bndbox>
	</object>
	<object>
		<name>seals</name>
		<pose>Unspecified</pose>
		<truncated>0</truncated>
		<difficult>0</difficult>
		<bndbox>
			<xmin>237.0</xmin>
			<ymin>462.0</ymin>
			<xmax>337.0</xmax>
			<ymax>544.0</ymax>
		</bndbox>
	</object></annotation>