<annotation>
	<folder>seals</folder>
	<filename>14_42.jpg</filename>
	<source>
		<database>Source</database>
	</source>
	<size>
		<width>544</width>
		<height>544</height>
		<depth>3</depth>
	</size>
	<segmented>0</segmented>
	<object>
		<name>seals</name>
		<pose>Unspecified</pose>
		<truncated>0</truncated>
		<difficult>0</difficult>
		<bndbox>
			<xmin>363.0</xmin>
			<ymin>0.0</ymin>
			<xmax>433.0</xmax>
			<ymax>63.0</ymax>
		</bndbox>
	</object>
	<object>
		<name>seals</name>
		<pose>Unspecified</pose>
		<truncated>0</truncated>
		<difficult>0</difficult>
		<bndbox>
			<xmin>485.0</xmin>
			<ymin>23.0</ymin>
			<xmax>544.0</xmax>
			<ymax>93.0</ymax>
		</bndbox>
	</object>
	<object>
		<name>seals</name>
		<pose>Unspecified</pose>
		<truncated>0</truncated>
		<difficult>0</difficult>
		<bndbox>
			<xmin>489.0</xmin>
			<ymin>47.0</ymin>
			<xmax>544.0</xmax>
			<ymax>117.0</ymax>
		</bndbox>
	</object>
	<object>
		<name>seals</name>
		<pose>Unspecified</pose>
		<truncated>0</truncated>
		<difficult>0</difficult>
		<bndbox>
			<xmin>499.0</xmin>
			<ymin>102.0</ymin>
			<xmax>544.0</xmax>
			<ymax>172.0</ymax>
		</bndbox>
	</object>
	<object>
		<name>seals</name>
		<pose>Unspecified</pose>
		<truncated>0</truncated>
		<difficult>0</difficult>
		<bndbox>
			<xmin>309.0</xmin>
			<ymin>116.0</ymin>
			<xmax>379.0</xmax>
			<ymax>186.0</ymax>
		</bndbox>
	</object>
	<object>
		<name>seals</name>
		<pose>Unspecified</pose>
		<truncated>0</truncated>
		<difficult>0</difficult>
		<bndbox>
			<xmin>239.0</xmin>
			<ymin>125.0</ymin>
			<xmax>309.0</xmax>
			<ymax>195.0</ymax>
		</bndbox>
	</object>
	<object>
		<name>seals</name>
		<pose>Unspecified</pose>
		<truncated>0</truncated>
		<difficult>0</difficult>
		<bndbox>
			<xmin>109.0</xmin>
			<ymin>250.0</ymin>
			<xmax>179.0</xmax>
			<ymax>320.0</ymax>
		</bndbox>
	</object></annotation>